"id","email","password","created_at","updated_at","plan","dms_sent","is_dms_limit_reached","is_scheduled_limit_reached","subscriptions_id","posts_per_day","current_streak","longest_streak","last_post_date","streak_start_date","follower_loadings_this_month","daily_follow_actions_count","last_follow_action_date","plan_limits_reached","plan_upgraded_at","plan_downgraded_at"
"jay.is.camp","jay.is.camp","$scrypt$n=16384,r=8,p=1$zLsudCuXiEJBTxO4CB5Oag$3PbCEnKIgTGpVrM4MFDfHt6PIJFxS1d722izbO/gtQDLB5NKcdgTPzBB6FKXZTmHNMAMcRSB01rBRWfS9q9Kzw","2025-08-18 07:20:33.998+00","2025-08-18 07:20:34.056+00","free",0,False,False,NULL,3,0,0,NULL,NULL,0,0,NULL,NULL,NULL,NULL
"bomdia.bsky.social","bomdia.bsky.social","$scrypt$n=16384,r=8,p=1$lbehSGGAd7/GAiP4S7kC1A$GBLQHQc0v7SHS6H/I8tIoYAcydO/cFHgVq0H+gJtMuwRVTtBYdFK/QRsTnwwdQ5RRNSbJLIoA3Dr5AYEmsEmjA","2025-08-10 23:31:54.221+00","2025-08-10 23:31:54.279+00","free",0,False,False,NULL,3,0,0,NULL,NULL,0,0,NULL,NULL,NULL,NULL
"sebastianjanas.bsky.social","sebastianjanas.bsky.social","$scrypt$n=16384,r=8,p=1$iyqFwgKgDkFtkxYVuWxllQ$9B5bSNob32kBZX2uJ8bf19dBWDfmTGq3gyI3BP31IJN7HFtacoNL+nuc+ljmvOc9Okx2a2p91JNxD38z8s6SFQ","2025-08-11 09:14:43.934+00","2025-08-11 09:14:43.989+00","free",0,False,False,NULL,3,0,0,NULL,NULL,0,0,NULL,NULL,NULL,NULL
"willc.io","willc.io","$scrypt$n=16384,r=8,p=1$PhBPlM97OcdSc9YWQfpRdQ$LlSqi2ly38UK9I71AQIEddZbHwD5+bMh2k13ZUxHKGUa3SgMd4iEWGQ/xBj9uoSgNJIcmIODp96kI8+xO8OKbg","2025-08-11 17:09:10.427+00","2025-08-11 17:09:10.487+00","free",0,False,False,NULL,3,0,0,NULL,NULL,0,0,NULL,NULL,NULL,NULL
"hyperbulletin.com","hyperbulletin.com","$scrypt$n=16384,r=8,p=1$3AmZdxIIo17OkPSwuz1oyA$bGVObVLlyHgKlvk6Ar8lHMyqh4vg0jwyWCrq3/G5uXMB9RD93FnIS6pkCVegcVW+MQbad9ABrmhJlc0kwhrQhQ","2025-08-11 19:52:09.066+00","2025-08-11 19:52:09.124+00","free",0,False,False,NULL,3,0,0,NULL,NULL,0,0,NULL,NULL,NULL,NULL
"lordo5432.bsky.social","lordo5432.bsky.social","$scrypt$n=16384,r=8,p=1$iz9SdKjArPhQXCKF21KeRg$x5NdlCJtndDxWps2ACPVkJzYsUHHtY2hIHcyp4WEGBKpwt+pL369ze8OH0xCSybBAPAgK7OBKvXwyI42qJvGFQ","2025-08-11 22:20:11.911+00","2025-08-11 22:20:11.969+00","free",0,False,False,NULL,3,0,0,NULL,NULL,0,0,NULL,NULL,NULL,NULL
"lunarhallow.bsky.social","lunarhallow.bsky.social","$scrypt$n=16384,r=8,p=1$QOA86X+IRUwUZ9SM4fGHTA$+mIXKnYt0Q/RDsVfUAWt1etAO8ENZSoC1s/bADGAYqH1WFgYE3bFQsn35sdmU9YZqKSb22+p3F1YLW2OgloKnw","2025-08-12 07:12:29.44+00","2025-08-12 07:12:29.493+00","free",0,False,False,NULL,3,0,0,NULL,NULL,0,0,NULL,NULL,NULL,NULL
"inchigor.bsky.social","inchigor.bsky.social","$scrypt$n=16384,r=8,p=1$gj46yhO7rz+BFh/m2QLC0w$VvBVWikfGbURAcOoRK0exuZ+DcWzniOAzh351u7DveON4dYZUhB4GvfZEED+1BbGi9+lzfFRUJ2eDijmeM0KQA","2025-08-12 13:19:53.373+00","2025-08-12 13:19:53.423+00","free",0,False,False,NULL,3,0,0,NULL,NULL,0,0,NULL,NULL,NULL,NULL
"davidwbrown.com","davidwbrown.com","$scrypt$n=16384,r=8,p=1$H199T60y9jzodmvJCrOYZw$791cHW2G+kJ9mA1hepMq8Hfg2wB22ojWBw0Crqj+pLSM8fZOUfbYtA5zwYCBfO9ADN1+w0MJxG6my9gEBLZ5tg","2025-08-12 22:03:40.589+00","2025-08-12 22:03:40.664+00","free",0,False,False,NULL,3,0,0,NULL,NULL,0,0,NULL,NULL,NULL,NULL
"danielmateus.com","danielmateus.com","$scrypt$n=16384,r=8,p=1$JGyY0cpSdjwGPggfxSNQZw$hS6eVJcrfyRwveZvLYCcwMGx+xr4gDWGwsxDDLQw0Nnz6WhxbpQw+XSa63ghs/QJG2P/c42Csl1SNZ1DfMw7qA","2025-08-12 23:49:09.567+00","2025-08-12 23:49:09.626+00","free",0,False,False,NULL,3,0,0,NULL,NULL,0,0,NULL,NULL,NULL,NULL
"ejsponge61.com","ejsponge61.com","$scrypt$n=16384,r=8,p=1$SCgl4X8mUSNCZoZUaFU36w$MPHyPnO6smzN5FUb+7nR64W2kKTQ1KILxd9Tp0jkUKkipFPKWf8VSBWlpgwQWCitCmrsUYBLJXaMpDjTghiX/Q","2025-08-14 05:59:43.634+00","2025-08-14 05:59:43.694+00","free",0,False,False,NULL,3,0,0,NULL,NULL,0,0,NULL,NULL,NULL,NULL
"walkoflife.bsky.social",NULL,"$scrypt$n=16384,r=8,p=1$6yXA7pGHgZi0cix8e+NmCA$9qvOl/ENCb/7tA3KtmSgiTxA+VfHzFvy1qcWLd3FaOBg9z8UaI/+UDDwIW3+3RBp9AFS2vxOPPGPkU+9Lelgww","2025-09-01 15:39:15.4+00","2025-09-01 15:39:15.454+00","free",0,False,False,NULL,3,0,0,NULL,NULL,0,0,NULL,NULL,NULL,NULL
"youneskkc.bsky.social",NULL,"$scrypt$n=16384,r=8,p=1$bFvk4H1DrhdzQFFNlZL/rw$zVlEEAzF6MPbGIJpokXH78gZ8dJBWCn+kiy5q0ErvX8sZeOp8Q3P5X1jOHDe4qerh4SWEW//DqbtIBRDLIGogw","2025-09-03 04:37:02.657+00","2025-09-03 04:37:02.71+00","free",0,False,False,NULL,3,0,0,NULL,NULL,0,0,NULL,NULL,NULL,NULL
"demonbunni.bsky.social","demonbunni.bsky.social","$scrypt$n=16384,r=8,p=1$Al20ujLijB3aQtiwpj9sQg$rPw1IHp0kHxBm01BrpH+/IcY10+yLsFrG/8bsIom6XBSfz5IG0ENqC0VMGYAEcSaE6IxQiWr59oV74AplF0aQg","2025-08-10 20:14:12.648+00","2025-08-31 12:28:01.246+00","business",0,False,False,NULL,3,3,3,"2025-08-31","2025-08-29",0,0,NULL,NULL,NULL,NULL
"rudolfsteiner23.bsky.social",NULL,"$scrypt$n=16384,r=8,p=1$qe2++tWfk1Zh2A1v4HbfiA$blxQOtOlftcE8hamokZ46YptS9v2fUyQlxV2Kr6QLnzHphjHZgoUYnbveRhShSLklMrjwkRL8L1lpKBydzxNGA","2025-08-31 17:17:10.809+00","2025-08-31 17:17:10.864+00","free",0,False,False,NULL,3,0,0,NULL,NULL,0,0,NULL,NULL,NULL,NULL
"CafeOlait.bsky.social",NULL,"$scrypt$n=16384,r=8,p=1$CJdeF7biD3T2MdW0ZYL/lg$s11sbiJHkvUQCWkIhh98myufZAijxRG4wqzymQmsfS5J0aIAjR6LFpYfXmoB0pt0sLjsk/BV4LzzGz/taFX9KQ","2025-08-31 17:31:09.258+00","2025-08-31 17:31:09.315+00","free",0,False,False,NULL,3,0,0,NULL,NULL,0,0,NULL,NULL,NULL,NULL
"cafeolait.bsky.social",NULL,"$scrypt$n=16384,r=8,p=1$5fh/gKddLdGoU1OYhKHBFg$rYJ23lKITWbNTsiJC1tJIcvfHSGpt33LWGuMROlD3SCOZb128RrDOXdAKAymtUHSV0T5iB6P4ZUs+1qaq4/LLA","2025-08-31 22:25:19.053+00","2025-08-31 22:39:07.299+00","free",0,False,False,NULL,10,0,0,NULL,NULL,0,0,NULL,NULL,NULL,NULL
"hogcaller.bsky.social",NULL,"$scrypt$n=16384,r=8,p=1$2SMUPDG9YOAX+nyLvq/Png$4u0SScK0JrrPLA8lleSy1Bd/yM2HYP5jHwoO7AqRKhenq7EgU0iCa6uw+vxhBeKDAobSsMAL2HE10A5SC3bUhg","2025-08-31 22:58:31.61+00","2025-08-31 22:58:31.668+00","free",0,False,False,NULL,3,0,0,NULL,NULL,0,0,NULL,NULL,NULL,NULL
"offringa.bsky.social",NULL,"$scrypt$n=16384,r=8,p=1$OJVpMPa1lsPRIxNmPT1p+w$fHDcqCzySjJRtcGKMS04deOxfMHUKlh8kgxIQC+TzkR3Z48B0TCUYGT0C8P9HGqNVfhr2lYk2HchW6xt91sokg","2025-08-24 08:16:13.988+00","2025-08-24 08:16:14.045+00","free",0,False,False,NULL,3,0,0,NULL,NULL,0,0,NULL,NULL,NULL,NULL
"ripresident.bsky.social",NULL,"$scrypt$n=16384,r=8,p=1$uqOD+kf52OCU74R/IHHX7w$0vtcckqle+9CE7MpLM+71ZFNZyLkJWt6sz27cYfjfsqiDjsa/kjXyR6IJY5azlpSrFgyPcea2SbSH6hNtbT3IA","2025-09-01 01:38:56.779+00","2025-09-01 01:38:56.836+00","free",0,False,False,NULL,3,0,0,NULL,NULL,0,0,NULL,NULL,NULL,NULL
"icotom.icopartners.com","icotom.icopartners.com","$scrypt$n=16384,r=8,p=1$keDasfEL9jO0Vn6ZBYrlng$g6SsgV/G0UV+AFvL7SuW6BMe8/5Ix515Ndgk5UFRGT2CygMPgUBvFKUo/X0sIUJKkJlvTp5AK6GWPH3xIInzSA","2025-08-12 09:00:04.219+00","2025-09-03 11:30:04.871+00","free",0,False,False,NULL,3,1,1,"2025-09-03","2025-09-03",0,0,NULL,NULL,NULL,NULL
"allanbe.bsky.social","allanbe.bsky.social","$scrypt$n=16384,r=8,p=1$IV2L6XaECturRJl+VuirRg$/9ky0OEkmMUt80eMggQbixI8UKy5+SEw1V5WjgCvImmxVLBT6nPYrFytBbadZaKsIRXE2qpuKYtKeC92SprESw","2025-08-10 20:16:34.925+00","2025-09-04 07:28:00.532+00","business",0,False,False,"sub_1RyxI5DBUZYEtnf3nmmyPOMj",2,2,2,"2025-09-04","2025-09-03",0,0,NULL,NULL,"2025-08-22 16:53:50.895+00",NULL
"xakili.bsky.social",NULL,"$scrypt$n=16384,r=8,p=1$VO+BZwWmiYj1BWfEbMzpyw$/RXa6nT7TeIpDQm/A6JEf+DHBrkvKtYUGk1KoPNRbMHHTTi44kZmZDFXCd7ga/u6aeLMiYhOyb0rZKTgXJJ7vQ","2025-09-01 08:38:17.047+00","2025-09-01 08:38:17.098+00","free",0,False,False,NULL,3,0,0,NULL,NULL,0,0,NULL,NULL,NULL,NULL
