"filename", "language", "JavaScript", "Python", "Markdown", "Shell Script", "TypeScript", "Svelte", "JavaScript JSX", "JSON", "comment", "blank", "total"
"/workspaces/Bluesky-copilot/CLUSTER_SUPERCLUSTER_FIX_COMPLETE.md", "Markdown", 0, 0, 122, 0, 0, 0, 0, 0, 0, 63, 185
"/workspaces/Bluesky-copilot/app/controllers/follower_analysis_controller.ts", "TypeScript", 0, 0, 0, 0, 6, 0, 0, 0, 1, 2, 9
"/workspaces/Bluesky-copilot/app/controllers/python_controller_methods.ts", "TypeScript", 0, 0, 0, 0, 52, 0, 0, 0, 6, 8, 66
"/workspaces/Bluesky-copilot/app/exceptions/handler.ts", "TypeScript", 0, 0, 0, 0, 22, 0, 0, 0, 2, 4, 28
"/workspaces/Bluesky-copilot/app/middleware/json_validation_middleware.ts", "TypeScript", 0, 0, 0, 0, 52, 0, 0, 0, 8, 9, 69
"/workspaces/Bluesky-copilot/app/middleware/request_debug_middleware.ts", "TypeScript", 0, 0, 0, 0, 48, 0, 0, 0, 6, 4, 58
"/workspaces/Bluesky-copilot/app/services/follower_analysis_service.ts", "TypeScript", 0, 0, 0, 0, 153, 0, 0, 0, 54, 59, 266
"/workspaces/Bluesky-copilot/config/bodyparser.ts", "TypeScript", 0, 0, 0, 0, 2, 0, 0, 0, 0, 0, 2
"/workspaces/Bluesky-copilot/database/migrations/1749490286298_create_make_super_cluster_id_nullables_table.ts", "TypeScript", 0, 0, 0, 0, 18, 0, 0, 0, 6, 7, 31
"/workspaces/Bluesky-copilot/inertia/pages/AudienceAnalysis.svelte", "Svelte", 0, 0, 0, 0, 0, -3, 0, 0, 0, -1, -4
"/workspaces/Bluesky-copilot/legacy_tests/test_python_endpoints.mjs", "JavaScript", 117, 0, 0, 0, 0, 0, 0, 0, 10, 21, 148
"/workspaces/Bluesky-copilot/legacy_tests/test_python_worker_simulation.mjs", "JavaScript", 11, 0, 0, 0, 0, 0, 0, 0, 1, 2, 14
"/workspaces/Bluesky-copilot/legacy_tests/vite.config.ts.timestamp-1739528579583-a722f58fda6f.mjs", "JavaScript", -22, 0, 0, 0, 0, 0, 0, 0, -6, -1, -29
"/workspaces/Bluesky-copilot/legacy_tests/vite.config.ts.timestamp-1742476122499-b0a9634360e9d.mjs", "JavaScript", -22, 0, 0, 0, 0, 0, 0, 0, -6, -1, -29
"/workspaces/Bluesky-copilot/legacy_tests/vite.config.ts.timestamp-1742833385049-f28652cb57dfb.mjs", "JavaScript", -22, 0, 0, 0, 0, 0, 0, 0, -6, -1, -29
"/workspaces/Bluesky-copilot/legacy_tests/vite.config.ts.timestamp-1744284482919-cb58b37fc7582.mjs", "JavaScript", -22, 0, 0, 0, 0, 0, 0, 0, -6, -1, -29
"/workspaces/Bluesky-copilot/legacy_tests/vite.config.ts.timestamp-1746723910118-dcc4dfa6611ee.mjs", "JavaScript", -22, 0, 0, 0, 0, 0, 0, 0, -6, -1, -29
"/workspaces/Bluesky-copilot/legacy_tests/vite.config.ts.timestamp-1747213133835-a8a230d913cea.mjs", "JavaScript", -22, 0, 0, 0, 0, 0, 0, 0, -6, -1, -29
"/workspaces/Bluesky-copilot/legacy_tests/vite.config.ts.timestamp-1747213135348-7fb0c6a6d8d93.mjs", "JavaScript", -22, 0, 0, 0, 0, 0, 0, 0, -6, -1, -29
"/workspaces/Bluesky-copilot/legacy_tests/vite.config.ts.timestamp-1747319663931-01e64ae971b1c.mjs", "JavaScript", -22, 0, 0, 0, 0, 0, 0, 0, -6, -1, -29
"/workspaces/Bluesky-copilot/python-service/.model_cache/hub/models--sentence-transformers--all-MiniLM-L6-v2/snapshots/c9745ed1d9f207416be6d2e6f8de32d1f16199bf/1_Pooling/config.json", "JSON", 0, 0, 0, 0, 0, 0, 0, -7, 0, 0, -7
"/workspaces/Bluesky-copilot/python-service/.model_cache/hub/models--sentence-transformers--all-MiniLM-L6-v2/snapshots/c9745ed1d9f207416be6d2e6f8de32d1f16199bf/README.md", "Markdown", 0, 0, -137, 0, 0, 0, 0, 0, 0, -36, -173
"/workspaces/Bluesky-copilot/python-service/.model_cache/hub/models--sentence-transformers--all-MiniLM-L6-v2/snapshots/c9745ed1d9f207416be6d2e6f8de32d1f16199bf/config_sentence_transformers.json", "JSON", 0, 0, 0, 0, 0, 0, 0, -7, 0, 0, -7
"/workspaces/Bluesky-copilot/python-service/.model_cache/hub/models--sentence-transformers--all-MiniLM-L6-v2/snapshots/c9745ed1d9f207416be6d2e6f8de32d1f16199bf/modules.json", "JSON", 0, 0, 0, 0, 0, 0, 0, -20, 0, 0, -20
"/workspaces/Bluesky-copilot/python-service/.model_cache/hub/models--sentence-transformers--all-MiniLM-L6-v2/snapshots/c9745ed1d9f207416be6d2e6f8de32d1f16199bf/sentence_bert_config.json", "JSON", 0, 0, 0, 0, 0, 0, 0, -4, 0, 0, -4
"/workspaces/Bluesky-copilot/python-service/.model_cache/hub/models--sentence-transformers--all-mpnet-base-v2/snapshots/12e86a3c702fc3c50205a8db88f0ec7c0b6b94a0/1_Pooling/config.json", "JSON", 0, 0, 0, 0, 0, 0, 0, -7, 0, 0, -7
"/workspaces/Bluesky-copilot/python-service/.model_cache/hub/models--sentence-transformers--all-mpnet-base-v2/snapshots/12e86a3c702fc3c50205a8db88f0ec7c0b6b94a0/README.md", "Markdown", 0, 0, -137, 0, 0, 0, 0, 0, 0, -36, -173
"/workspaces/Bluesky-copilot/python-service/.model_cache/hub/models--sentence-transformers--all-mpnet-base-v2/snapshots/12e86a3c702fc3c50205a8db88f0ec7c0b6b94a0/config_sentence_transformers.json", "JSON", 0, 0, 0, 0, 0, 0, 0, -7, 0, 0, -7
"/workspaces/Bluesky-copilot/python-service/.model_cache/hub/models--sentence-transformers--all-mpnet-base-v2/snapshots/12e86a3c702fc3c50205a8db88f0ec7c0b6b94a0/modules.json", "JSON", 0, 0, 0, 0, 0, 0, 0, -20, 0, 0, -20
"/workspaces/Bluesky-copilot/python-service/.model_cache/hub/models--sentence-transformers--all-mpnet-base-v2/snapshots/12e86a3c702fc3c50205a8db88f0ec7c0b6b94a0/sentence_bert_config.json", "JSON", 0, 0, 0, 0, 0, 0, 0, -4, 0, 0, -4
"/workspaces/Bluesky-copilot/python-service/.model_cache/models--sentence-transformers--all-MiniLM-L6-v2/.no_exist/c9745ed1d9f207416be6d2e6f8de32d1f16199bf/adapter_config.json", "JSON", 0, 0, 0, 0, 0, 0, 0, 0, 0, -1, -1
"/workspaces/Bluesky-copilot/python-service/.model_cache/models--sentence-transformers--all-MiniLM-L6-v2/.no_exist/c9745ed1d9f207416be6d2e6f8de32d1f16199bf/added_tokens.json", "JSON", 0, 0, 0, 0, 0, 0, 0, 0, 0, -1, -1
"/workspaces/Bluesky-copilot/python-service/.model_cache/models--sentence-transformers--all-MiniLM-L6-v2/snapshots/c9745ed1d9f207416be6d2e6f8de32d1f16199bf/config.json", "JSON", 0, 0, 0, 0, 0, 0, 0, -24, 0, -1, -25
"/workspaces/Bluesky-copilot/python-service/.model_cache/models--sentence-transformers--all-MiniLM-L6-v2/snapshots/c9745ed1d9f207416be6d2e6f8de32d1f16199bf/special_tokens_map.json", "JSON", 0, 0, 0, 0, 0, 0, 0, -1, 0, 0, -1
"/workspaces/Bluesky-copilot/python-service/.model_cache/models--sentence-transformers--all-MiniLM-L6-v2/snapshots/c9745ed1d9f207416be6d2e6f8de32d1f16199bf/tokenizer.json", "JSON", 0, 0, 0, 0, 0, 0, 0, -1, 0, 0, -1
"/workspaces/Bluesky-copilot/python-service/.model_cache/models--sentence-transformers--all-MiniLM-L6-v2/snapshots/c9745ed1d9f207416be6d2e6f8de32d1f16199bf/tokenizer_config.json", "JSON", 0, 0, 0, 0, 0, 0, 0, -1, 0, 0, -1
"/workspaces/Bluesky-copilot/python-service/.model_cache/models--sentence-transformers--all-mpnet-base-v2/.no_exist/12e86a3c702fc3c50205a8db88f0ec7c0b6b94a0/adapter_config.json", "JSON", 0, 0, 0, 0, 0, 0, 0, 0, 0, -1, -1
"/workspaces/Bluesky-copilot/python-service/.model_cache/models--sentence-transformers--all-mpnet-base-v2/.no_exist/12e86a3c702fc3c50205a8db88f0ec7c0b6b94a0/added_tokens.json", "JSON", 0, 0, 0, 0, 0, 0, 0, 0, 0, -1, -1
"/workspaces/Bluesky-copilot/python-service/.model_cache/models--sentence-transformers--all-mpnet-base-v2/snapshots/12e86a3c702fc3c50205a8db88f0ec7c0b6b94a0/config.json", "JSON", 0, 0, 0, 0, 0, 0, 0, -23, 0, -1, -24
"/workspaces/Bluesky-copilot/python-service/.model_cache/models--sentence-transformers--all-mpnet-base-v2/snapshots/12e86a3c702fc3c50205a8db88f0ec7c0b6b94a0/special_tokens_map.json", "JSON", 0, 0, 0, 0, 0, 0, 0, -1, 0, 0, -1
"/workspaces/Bluesky-copilot/python-service/.model_cache/models--sentence-transformers--all-mpnet-base-v2/snapshots/12e86a3c702fc3c50205a8db88f0ec7c0b6b94a0/tokenizer.json", "JSON", 0, 0, 0, 0, 0, 0, 0, -1, 0, 0, -1
"/workspaces/Bluesky-copilot/python-service/.model_cache/models--sentence-transformers--all-mpnet-base-v2/snapshots/12e86a3c702fc3c50205a8db88f0ec7c0b6b94a0/tokenizer_config.json", "JSON", 0, 0, 0, 0, 0, 0, 0, -1, 0, 0, -1
"/workspaces/Bluesky-copilot/python-service/BULK_WORKER_TEST_FINAL_REPORT.md", "Markdown", 0, 0, -108, 0, 0, 0, 0, 0, 0, -51, -159
"/workspaces/Bluesky-copilot/python-service/CLUSTER_DUPLICATION_FIX_COMPLETE.md", "Markdown", 0, 0, 54, 0, 0, 0, 0, 0, 0, 25, 79
"/workspaces/Bluesky-copilot/python-service/NUMPY_ARRAY_FIX_REPORT.md", "Markdown", 0, 0, -104, 0, 0, 0, 0, 0, 0, -50, -154
"/workspaces/Bluesky-copilot/python-service/REFACTORING_COMPLETE_SUMMARY.md", "Markdown", 0, 0, -130, 0, 0, 0, 0, 0, 0, -31, -161
"/workspaces/Bluesky-copilot/python-service/STABILITY_IMPROVEMENTS.md", "Markdown", 0, 0, 127, 0, 0, 0, 0, 0, 0, 56, 183
"/workspaces/Bluesky-copilot/python-service/ai_service/models/transformer_embedder.py", "Python", 0, 5, 0, 0, 0, 0, 0, 0, 1, 1, 7
"/workspaces/Bluesky-copilot/python-service/ai_service/services/improved_tag_generator.py", "Python", 0, 110, 0, 0, 0, 0, 0, 0, 58, 41, 209
"/workspaces/Bluesky-copilot/python-service/ai_service/services/tag_service.py", "Python", 0, -420, 0, 0, 0, 0, 0, 0, -87, -85, -592
"/workspaces/Bluesky-copilot/python-service/ai_service/services/tagger.py", "Python", 0, 7, 0, 0, 0, 0, 0, 0, 2, 2, 11
"/workspaces/Bluesky-copilot/python-service/analysis_worker.py", "Python", 0, 84, 0, 0, 0, 0, 0, 0, 22, 23, 129
"/workspaces/Bluesky-copilot/python-service/debug_tag_generation.py", "Python", 0, 63, 0, 0, 0, 0, 0, 0, 17, 19, 99
"/workspaces/Bluesky-copilot/python-service/start_worker_unified.sh", "Shell Script", 0, 0, 0, 11, 0, 0, 0, 0, 4, 5, 20
"/workspaces/Bluesky-copilot/python-service/test_cluster_duplication_fix.py", "Python", 0, 56, 0, 0, 0, 0, 0, 0, 19, 22, 97
"/workspaces/Bluesky-copilot/python-service/test_cluster_logic_fix.py", "Python", 0, 64, 0, 0, 0, 0, 0, 0, 16, 21, 101
"/workspaces/Bluesky-copilot/python-service/test_clustering_improvements.py", "Python", 0, 196, 0, 0, 0, 0, 0, 0, 30, 56, 282
"/workspaces/Bluesky-copilot/python-service/test_final_cleanup.py", "Python", 0, 103, 0, 0, 0, 0, 0, 0, 17, 35, 155
"/workspaces/Bluesky-copilot/python-service/test_final_results.py", "Python", 0, 39, 0, 0, 0, 0, 0, 0, 3, 16, 58
"/workspaces/Bluesky-copilot/python-service/test_final_simplified.py", "Python", 0, 81, 0, 0, 0, 0, 0, 0, 14, 25, 120
"/workspaces/Bluesky-copilot/python-service/test_hybrid_focused.py", "Python", 0, 216, 0, 0, 0, 0, 0, 0, 39, 66, 321
"/workspaces/Bluesky-copilot/python-service/test_hybrid_tag_generation.py", "Python", 0, 212, 0, 0, 0, 0, 0, 0, 36, 62, 310
"/workspaces/Bluesky-copilot/python-service/test_integration.py", "Python", 0, 35, 0, 0, 0, 0, 0, 0, 10, 13, 58
"/workspaces/Bluesky-copilot/python-service/test_no_hierarchical.py", "Python", 0, 81, 0, 0, 0, 0, 0, 0, 11, 18, 110
"/workspaces/Bluesky-copilot/python-service/test_simple_fix.py", "Python", 0, 23, 0, 0, 0, 0, 0, 0, 4, 9, 36
"/workspaces/Bluesky-copilot/python-service/test_simplified_tag_generator.py", "Python", 0, 75, 0, 0, 0, 0, 0, 0, 13, 19, 107
"/workspaces/Bluesky-copilot/python-service/test_stability_improvements.py", "Python", 0, 123, 0, 0, 0, 0, 0, 0, 19, 41, 183
"/workspaces/Bluesky-copilot/python-service/test_tag_improvements.py", "Python", 0, -162, 0, 0, 0, 0, 0, 0, -28, -44, -234
"/workspaces/Bluesky-copilot/python-service/worker_health_monitor.py", "Python", 0, 112, 0, 0, 0, 0, 0, 0, 18, 29, 159
"/workspaces/Bluesky-copilot/start/kernel.ts", "TypeScript", 0, 0, 0, 0, 2, 0, 0, 0, 0, 0, 2
"/workspaces/Bluesky-copilot/test_local_ai_integration.js", "JavaScript JSX", 0, 0, 0, 0, 0, 0, 49, 0, 7, 17, 73
"Total", "-", -48, 1103, -313, 11, 355, -3, 49, -129, 291, 452, 1768