"filename", "language", "JavaScript", "TypeScript", "JSON with Comments", "Svelte", "PostCSS", "Docker", "Shell Script", "Markdown", "Python", "toml", "JSON", "Properties", "Edge Template", "JavaScript JSX", "comment", "blank", "total"
"/workspaces/Bluesky-copilot/.github/instructions/instruction.instructions.md", "Markdown", 0, 0, 0, 0, 0, 0, 0, 182, 0, 0, 0, 0, 0, 0, 0, 100, 282
"/workspaces/Bluesky-copilot/Dockerfile", "Docker", 0, 0, 0, 0, 0, 22, 0, 0, 0, 0, 0, 0, 0, 0, 5, 6, 33
"/workspaces/Bluesky-copilot/README.md", "Markdown", 0, 0, 0, 0, 0, 0, 0, 41, 0, 0, 0, 0, 0, 0, 0, 16, 57
"/workspaces/Bluesky-copilot/SSE_MIGRATION.md", "Markdown", 0, 0, 0, 0, 0, 0, 0, 159, 0, 0, 0, 0, 0, 0, 0, 55, 214
"/workspaces/Bluesky-copilot/TEST_REFACTORING_SUMMARY.md", "Markdown", 0, 0, 0, 0, 0, 0, 0, 0, 0, 0, 0, 0, 0, 0, 0, 1, 1
"/workspaces/Bluesky-copilot/ace.js", "JavaScript JSX", 0, 0, 0, 0, 0, 0, 0, 0, 0, 0, 0, 0, 0, 2, 23, 3, 28
"/workspaces/Bluesky-copilot/adonisjs-redis-doc-resume.md", "Markdown", 0, 0, 0, 0, 0, 0, 0, 63, 0, 0, 0, 0, 0, 0, 0, 19, 82
"/workspaces/Bluesky-copilot/adonisrc.ts", "TypeScript", 0, 56, 0, 0, 0, 0, 0, 0, 0, 0, 0, 0, 0, 0, 50, 7, 113
"/workspaces/Bluesky-copilot/app/bluesky/firehose_subscriber.ts", "TypeScript", 0, 131, 0, 0, 0, 0, 0, 0, 0, 0, 0, 0, 0, 0, 67, 32, 230
"/workspaces/Bluesky-copilot/app/bluesky/scheduling_manager.ts", "TypeScript", 0, 96, 0, 0, 0, 0, 0, 0, 0, 0, 0, 0, 0, 0, 12, 9, 117
"/workspaces/Bluesky-copilot/app/bluesky/skywareJetstreamInstruction.md", "Markdown", 0, 0, 0, 0, 0, 0, 0, 86, 0, 0, 0, 0, 0, 0, 0, 33, 119
"/workspaces/Bluesky-copilot/app/bluesky/types.ts", "TypeScript", 0, 32, 0, 0, 0, 0, 0, 0, 0, 0, 0, 0, 0, 0, 4, 6, 42
"/workspaces/Bluesky-copilot/app/controllers/account_controller.ts", "TypeScript", 0, 231, 0, 0, 0, 0, 0, 0, 0, 0, 0, 0, 0, 0, 17, 46, 294
"/workspaces/Bluesky-copilot/app/controllers/analytics_controller.ts", "TypeScript", 0, 394, 0, 0, 0, 0, 0, 0, 0, 0, 0, 0, 0, 0, 41, 75, 510
"/workspaces/Bluesky-copilot/app/controllers/dm_campaigns_controller.ts", "TypeScript", 0, 0, 0, 0, 0, 0, 0, 0, 0, 0, 0, 0, 0, 0, 272, 33, 305
"/workspaces/Bluesky-copilot/app/controllers/feeds_controller.ts", "TypeScript", 0, 76, 0, 0, 0, 0, 0, 0, 0, 0, 0, 0, 0, 0, 0, 13, 89
"/workspaces/Bluesky-copilot/app/controllers/follower_analysis_controller.ts", "TypeScript", 0, 351, 0, 0, 0, 0, 0, 0, 0, 0, 0, 0, 0, 0, 76, 64, 491
"/workspaces/Bluesky-copilot/app/controllers/internal_pythons_controller.ts", "TypeScript", 0, 30, 0, 0, 0, 0, 0, 0, 0, 0, 0, 0, 0, 0, 6, 3, 39
"/workspaces/Bluesky-copilot/app/controllers/python_controller_methods.ts", "TypeScript", 0, 417, 0, 0, 0, 0, 0, 0, 0, 0, 0, 0, 0, 0, 88, 88, 593
"/workspaces/Bluesky-copilot/app/controllers/schedulings_controller.ts", "TypeScript", 0, 59, 0, 0, 0, 0, 0, 0, 0, 0, 0, 0, 0, 0, 0, 23, 82
"/workspaces/Bluesky-copilot/app/controllers/session_controller.ts", "TypeScript", 0, 33, 0, 0, 0, 0, 0, 0, 0, 0, 0, 0, 0, 0, 0, 8, 41
"/workspaces/Bluesky-copilot/app/controllers/stripes_controller.ts", "TypeScript", 0, 77, 0, 0, 0, 0, 0, 0, 0, 0, 0, 0, 0, 0, 1, 13, 91
"/workspaces/Bluesky-copilot/app/controllers/users_controller.ts", "TypeScript", 0, 78, 0, 0, 0, 0, 0, 0, 0, 0, 0, 0, 0, 0, 15, 13, 106
"/workspaces/Bluesky-copilot/app/exceptions/handler.ts", "TypeScript", 0, 17, 0, 0, 0, 0, 0, 0, 0, 0, 0, 0, 0, 0, 23, 7, 47
"/workspaces/Bluesky-copilot/app/jobs/schedule_job.ts", "TypeScript", 0, 26, 0, 0, 0, 0, 0, 0, 0, 0, 0, 0, 0, 0, 0, 8, 34
"/workspaces/Bluesky-copilot/app/middleware/api_auth_middleware.ts", "TypeScript", 0, 36, 0, 0, 0, 0, 0, 0, 0, 0, 0, 0, 0, 0, 7, 9, 52
"/workspaces/Bluesky-copilot/app/middleware/auth_middleware.ts", "TypeScript", 0, 23, 0, 0, 0, 0, 0, 0, 0, 0, 0, 0, 0, 0, 7, 2, 32
"/workspaces/Bluesky-copilot/app/middleware/container_bindings_middleware.ts", "TypeScript", 0, 10, 0, 0, 0, 0, 0, 0, 0, 0, 0, 0, 0, 0, 7, 3, 20
"/workspaces/Bluesky-copilot/app/middleware/guest_middleware.ts", "TypeScript", 0, 18, 0, 0, 0, 0, 0, 0, 0, 0, 0, 0, 0, 0, 10, 3, 31
"/workspaces/Bluesky-copilot/app/middleware/silent_auth_middleware.ts", "TypeScript", 0, 11, 0, 0, 0, 0, 0, 0, 0, 0, 0, 0, 0, 0, 6, 2, 19
"/workspaces/Bluesky-copilot/app/models/account.ts", "TypeScript", 0, 65, 0, 0, 0, 0, 0, 0, 0, 0, 0, 0, 0, 0, 0, 23, 88
"/workspaces/Bluesky-copilot/app/models/account_stat.ts", "TypeScript", 0, 5, 0, 0, 0, 0, 0, 0, 0, 0, 0, 0, 0, 0, 0, 1, 6
"/workspaces/Bluesky-copilot/app/models/analysis_audience.ts", "TypeScript", 0, 121, 0, 0, 0, 0, 0, 0, 0, 0, 0, 0, 0, 0, 23, 24, 168
"/workspaces/Bluesky-copilot/app/models/cluster.ts", "TypeScript", 0, 46, 0, 0, 0, 0, 0, 0, 0, 0, 0, 0, 0, 0, 0, 9, 55
"/workspaces/Bluesky-copilot/app/models/convo.ts", "TypeScript", 0, 13, 0, 0, 0, 0, 0, 0, 0, 0, 0, 0, 0, 0, 0, 4, 17
"/workspaces/Bluesky-copilot/app/models/dm_campaign.ts", "TypeScript", 0, 39, 0, 0, 0, 0, 0, 0, 0, 0, 0, 0, 0, 0, 0, 14, 53
"/workspaces/Bluesky-copilot/app/models/dm_campaign_convo.ts", "TypeScript", 0, 13, 0, 0, 0, 0, 0, 0, 0, 0, 0, 0, 0, 0, 0, 6, 19
"/workspaces/Bluesky-copilot/app/models/feed.ts", "TypeScript", 0, 13, 0, 0, 0, 0, 0, 0, 0, 0, 0, 0, 0, 0, 0, 5, 18
"/workspaces/Bluesky-copilot/app/models/follow.ts", "TypeScript", 0, 14, 0, 0, 0, 0, 0, 0, 0, 0, 0, 0, 0, 0, 0, 6, 20
"/workspaces/Bluesky-copilot/app/models/follower.ts", "TypeScript", 0, 13, 0, 0, 0, 0, 0, 0, 0, 0, 0, 0, 0, 0, 0, 4, 17
"/workspaces/Bluesky-copilot/app/models/followers_history.ts", "TypeScript", 0, 22, 0, 0, 0, 0, 0, 0, 0, 0, 0, 0, 0, 0, 1, 8, 31
"/workspaces/Bluesky-copilot/app/models/post_history.ts", "TypeScript", 0, 37, 0, 0, 0, 0, 0, 0, 0, 0, 0, 0, 0, 0, 0, 15, 52
"/workspaces/Bluesky-copilot/app/models/scheduling.ts", "TypeScript", 0, 24, 0, 0, 0, 0, 0, 0, 0, 0, 0, 0, 0, 0, 0, 9, 33
"/workspaces/Bluesky-copilot/app/models/superCluster.ts", "TypeScript", 0, 44, 0, 0, 0, 0, 0, 0, 0, 0, 0, 0, 0, 0, 0, 8, 52
"/workspaces/Bluesky-copilot/app/models/user.ts", "TypeScript", 0, 59, 0, 0, 0, 0, 0, 0, 0, 0, 0, 0, 0, 0, 0, 19, 78
"/workspaces/Bluesky-copilot/app/services/AI_services.ts", "TypeScript", 0, 390, 0, 0, 0, 0, 0, 0, 0, 0, 0, 0, 0, 0, 45, 92, 527
"/workspaces/Bluesky-copilot/app/services/account_manager.ts", "TypeScript", 0, 61, 0, 0, 0, 0, 0, 0, 0, 0, 0, 0, 0, 0, 0, 10, 71
"/workspaces/Bluesky-copilot/app/services/account_service.ts", "TypeScript", 0, 467, 0, 0, 0, 0, 0, 0, 0, 0, 0, 0, 0, 0, 11, 64, 542
"/workspaces/Bluesky-copilot/app/services/ai_scheduler_service.ts", "TypeScript", 0, 243, 0, 0, 0, 0, 0, 0, 0, 0, 0, 0, 0, 0, 85, 50, 378
"/workspaces/Bluesky-copilot/app/services/bullmq-quick-reference.md", "Markdown", 0, 0, 0, 0, 0, 0, 0, 102, 0, 0, 0, 0, 0, 0, 0, 41, 143
"/workspaces/Bluesky-copilot/app/services/cache_manager.ts", "TypeScript", 0, 50, 0, 0, 0, 0, 0, 0, 0, 0, 0, 0, 0, 0, 30, 9, 89
"/workspaces/Bluesky-copilot/app/services/feed_service.ts", "TypeScript", 0, 48, 0, 0, 0, 0, 0, 0, 0, 0, 0, 0, 0, 0, 0, 7, 55
"/workspaces/Bluesky-copilot/app/services/firehose_subscriber_service.ts", "TypeScript", 0, 116, 0, 0, 0, 0, 0, 0, 0, 0, 0, 0, 0, 0, 60, 30, 206
"/workspaces/Bluesky-copilot/app/services/follower_analysis_service.ts", "TypeScript", 0, 277, 0, 0, 0, 0, 0, 0, 0, 0, 0, 0, 0, 0, 62, 55, 394
"/workspaces/Bluesky-copilot/app/services/follower_batch_service.ts", "TypeScript", 0, 52, 0, 0, 0, 0, 0, 0, 0, 0, 0, 0, 0, 0, 23, 14, 89
"/workspaces/Bluesky-copilot/app/services/session_service.ts", "TypeScript", 0, 19, 0, 0, 0, 0, 0, 0, 0, 0, 0, 0, 0, 0, 0, 4, 23
"/workspaces/Bluesky-copilot/app/services/sse_service.ts", "TypeScript", 0, 96, 0, 0, 0, 0, 0, 0, 0, 0, 0, 0, 0, 0, 30, 20, 146
"/workspaces/Bluesky-copilot/bin/console.ts", "TypeScript", 0, 23, 0, 0, 0, 0, 0, 0, 0, 0, 0, 0, 0, 0, 20, 5, 48
"/workspaces/Bluesky-copilot/bin/server.ts", "TypeScript", 0, 23, 0, 0, 0, 0, 0, 0, 0, 0, 0, 0, 0, 0, 18, 5, 46
"/workspaces/Bluesky-copilot/bin/test.ts", "TypeScript", 0, 37, 0, 0, 0, 0, 0, 0, 0, 0, 0, 0, 0, 0, 19, 7, 63
"/workspaces/Bluesky-copilot/commands/create_test_data.ts", "TypeScript", 0, 108, 0, 0, 0, 0, 0, 0, 0, 0, 0, 0, 0, 0, 2, 21, 131
"/workspaces/Bluesky-copilot/commands/fix_followers_count.ts", "TypeScript", 0, 42, 0, 0, 0, 0, 0, 0, 0, 0, 0, 0, 0, 0, 5, 17, 64
"/workspaces/Bluesky-copilot/commands/follow.ts", "TypeScript", 0, 493, 0, 0, 0, 0, 0, 0, 0, 0, 0, 0, 0, 0, 117, 132, 742
"/workspaces/Bluesky-copilot/commands/follow_2.ts", "TypeScript", 0, 407, 0, 0, 0, 0, 0, 0, 0, 0, 0, 0, 0, 0, 15, 42, 464
"/workspaces/Bluesky-copilot/commands/follow_backup.ts", "TypeScript", 0, 976, 0, 0, 0, 0, 0, 0, 0, 0, 0, 0, 0, 0, 132, 174, 1282
"/workspaces/Bluesky-copilot/commands/follow_restructured.ts", "TypeScript", 0, 493, 0, 0, 0, 0, 0, 0, 0, 0, 0, 0, 0, 0, 115, 132, 740
"/workspaces/Bluesky-copilot/commands/record_followers_count.ts", "TypeScript", 0, 50, 0, 0, 0, 0, 0, 0, 0, 0, 0, 0, 0, 0, 6, 11, 67
"/workspaces/Bluesky-copilot/commands/scheduling.ts", "TypeScript", 0, 23, 0, 0, 0, 0, 0, 0, 0, 0, 0, 0, 0, 0, 0, 3, 26
"/workspaces/Bluesky-copilot/commands/test_api.ts", "TypeScript", 0, 120, 0, 0, 0, 0, 0, 0, 0, 0, 0, 0, 0, 0, 7, 36, 163
"/workspaces/Bluesky-copilot/commands/test_workflow.ts", "TypeScript", 0, 163, 0, 0, 0, 0, 0, 0, 0, 0, 0, 0, 0, 0, 11, 35, 209
"/workspaces/Bluesky-copilot/commands/unfollow.ts", "TypeScript", 0, 48, 0, 0, 0, 0, 0, 0, 0, 0, 0, 0, 0, 0, 1, 6, 55
"/workspaces/Bluesky-copilot/commands/unfollow_not_following.ts", "TypeScript", 0, 181, 0, 0, 0, 0, 0, 0, 0, 0, 0, 0, 0, 0, 30, 45, 256
"/workspaces/Bluesky-copilot/components.json", "JSON", 0, 0, 0, 0, 0, 0, 0, 0, 0, 0, 14, 0, 0, 0, 0, 1, 15
"/workspaces/Bluesky-copilot/config/app.ts", "TypeScript", 0, 18, 0, 0, 0, 0, 0, 0, 0, 0, 0, 0, 0, 0, 18, 5, 41
"/workspaces/Bluesky-copilot/config/auth.ts", "TypeScript", 0, 21, 0, 0, 0, 0, 0, 0, 0, 0, 0, 0, 0, 0, 4, 3, 28
"/workspaces/Bluesky-copilot/config/bodyparser.ts", "TypeScript", 0, 25, 0, 0, 0, 0, 0, 0, 0, 0, 0, 0, 0, 0, 24, 7, 56
"/workspaces/Bluesky-copilot/config/cors.ts", "TypeScript", 0, 11, 0, 0, 0, 0, 0, 0, 0, 0, 0, 0, 0, 0, 6, 3, 20
"/workspaces/Bluesky-copilot/config/database.ts", "TypeScript", 0, 22, 0, 0, 0, 0, 0, 0, 0, 0, 0, 0, 0, 0, 0, 2, 24
"/workspaces/Bluesky-copilot/config/hash.ts", "TypeScript", 0, 16, 0, 0, 0, 0, 0, 0, 0, 0, 0, 0, 0, 0, 4, 5, 25
"/workspaces/Bluesky-copilot/config/inertia.ts", "TypeScript", 0, 58, 0, 0, 0, 0, 0, 0, 0, 0, 0, 0, 0, 0, 12, 8, 78
"/workspaces/Bluesky-copilot/config/logger.ts", "TypeScript", 0, 23, 0, 0, 0, 0, 0, 0, 0, 0, 0, 0, 0, 0, 8, 6, 37
"/workspaces/Bluesky-copilot/config/redis.ts", "TypeScript", 0, 20, 0, 0, 0, 0, 0, 0, 0, 0, 0, 0, 0, 0, 10, 2, 32
"/workspaces/Bluesky-copilot/config/session.ts", "TypeScript", 0, 19, 0, 0, 0, 0, 0, 0, 0, 0, 0, 0, 0, 0, 21, 8, 48
"/workspaces/Bluesky-copilot/config/shield.ts", "TypeScript", 0, 26, 0, 0, 0, 0, 0, 0, 0, 0, 0, 0, 0, 0, 19, 7, 52
"/workspaces/Bluesky-copilot/config/static.ts", "TypeScript", 0, 8, 0, 0, 0, 0, 0, 0, 0, 0, 0, 0, 0, 0, 7, 3, 18
"/workspaces/Bluesky-copilot/config/vite.ts", "TypeScript", 0, 10, 0, 0, 0, 0, 0, 0, 0, 0, 0, 0, 0, 0, 13, 6, 29
"/workspaces/Bluesky-copilot/database/migrations/1729105298214_create_users_table.ts", "TypeScript", 0, 17, 0, 0, 0, 0, 0, 0, 0, 0, 0, 0, 0, 0, 0, 3, 20
"/workspaces/Bluesky-copilot/database/migrations/1729604119881_create_accounts_table.ts", "TypeScript", 0, 19, 0, 0, 0, 0, 0, 0, 0, 0, 0, 0, 0, 0, 0, 3, 22
"/workspaces/Bluesky-copilot/database/migrations/1730307942878_create_listeners_table.ts", "TypeScript", 0, 24, 0, 0, 0, 0, 0, 0, 0, 0, 0, 0, 0, 0, 0, 3, 27
"/workspaces/Bluesky-copilot/database/migrations/1736452269608_create_follows_table.ts", "TypeScript", 0, 17, 0, 0, 0, 0, 0, 0, 0, 0, 0, 0, 0, 0, 0, 4, 21
"/workspaces/Bluesky-copilot/database/migrations/1737283763946_create_convos_table.ts", "TypeScript", 0, 13, 0, 0, 0, 0, 0, 0, 0, 0, 0, 0, 0, 0, 0, 3, 16
"/workspaces/Bluesky-copilot/database/migrations/1737804308316_create_listeners_convos_table.ts", "TypeScript", 0, 17, 0, 0, 0, 0, 0, 0, 0, 0, 0, 0, 0, 0, 0, 3, 20
"/workspaces/Bluesky-copilot/database/migrations/1739718359173_create_dm_campaigns_table.ts", "TypeScript", 0, 22, 0, 0, 0, 0, 0, 0, 0, 0, 0, 0, 0, 0, 0, 3, 25
"/workspaces/Bluesky-copilot/database/migrations/1739800235921_create_account_stats_table.ts", "TypeScript", 0, 15, 0, 0, 0, 0, 0, 0, 0, 0, 0, 0, 0, 0, 0, 3, 18
"/workspaces/Bluesky-copilot/database/migrations/1739801368915_create_dm_campaign_convos_table.ts", "TypeScript", 0, 16, 0, 0, 0, 0, 0, 0, 0, 0, 0, 0, 0, 0, 0, 5, 21
"/workspaces/Bluesky-copilot/database/migrations/1739904242607_create_update_length_message_of_listeners_table.ts", "TypeScript", 0, 14, 0, 0, 0, 0, 0, 0, 0, 0, 0, 0, 0, 0, 0, 3, 17
"/workspaces/Bluesky-copilot/database/migrations/1740062907230_create_remove_user_column_marketing_consents_table.ts", "TypeScript", 0, 12, 0, 0, 0, 0, 0, 0, 0, 0, 0, 0, 0, 0, 0, 3, 15
"/workspaces/Bluesky-copilot/database/migrations/1740148718481_create_accounts_table.ts", "TypeScript", 0, 12, 0, 0, 0, 0, 0, 0, 0, 0, 0, 0, 0, 0, 0, 3, 15
"/workspaces/Bluesky-copilot/database/migrations/1741446967968_create_schedulings_table.ts", "TypeScript", 0, 18, 0, 0, 0, 0, 0, 0, 0, 0, 0, 0, 0, 0, 0, 3, 21
"/workspaces/Bluesky-copilot/database/migrations/1742132146955_create_add_user_plans_table.ts", "TypeScript", 0, 16, 0, 0, 0, 0, 0, 0, 0, 0, 0, 0, 0, 0, 0, 3, 19
"/workspaces/Bluesky-copilot/database/migrations/1743277289133_create_followers_table.ts", "TypeScript", 0, 14, 0, 0, 0, 0, 0, 0, 0, 0, 0, 0, 0, 0, 0, 3, 17
"/workspaces/Bluesky-copilot/database/migrations/1743441589221_create_feeds_table.ts", "TypeScript", 0, 16, 0, 0, 0, 0, 0, 0, 0, 0, 0, 0, 0, 0, 0, 3, 19
"/workspaces/Bluesky-copilot/database/migrations/1744012154314_create_account_add_follower_cursors_table.ts", "TypeScript", 0, 13, 0, 0, 0, 0, 0, 0, 0, 0, 0, 0, 0, 0, 0, 3, 16
"/workspaces/Bluesky-copilot/database/migrations/1744977063950_create_super_clusters_table.ts", "TypeScript", 0, 17, 0, 0, 0, 0, 0, 0, 0, 0, 0, 0, 0, 0, 0, 3, 20
"/workspaces/Bluesky-copilot/database/migrations/1744977634365_create_clusters_table.ts", "TypeScript", 0, 18, 0, 0, 0, 0, 0, 0, 0, 0, 0, 0, 0, 0, 0, 4, 22
"/workspaces/Bluesky-copilot/database/migrations/1745514063511_create_delete_listeners_table.ts", "TypeScript", 0, 32, 0, 0, 0, 0, 0, 0, 0, 0, 0, 0, 0, 0, 0, 4, 36
"/workspaces/Bluesky-copilot/database/migrations/1746043593239_create_add_stats_to_accounts_table.ts", "TypeScript", 0, 18, 0, 0, 0, 0, 0, 0, 0, 0, 0, 0, 0, 0, 0, 3, 21
"/workspaces/Bluesky-copilot/database/migrations/1746107960832_create_followers_histories_table.ts", "TypeScript", 0, 18, 0, 0, 0, 0, 0, 0, 0, 0, 0, 0, 0, 0, 4, 8, 30
"/workspaces/Bluesky-copilot/database/migrations/1746110387568_create_create_post_histories_table.ts", "TypeScript", 0, 25, 0, 0, 0, 0, 0, 0, 0, 0, 0, 0, 0, 0, 1, 6, 32
"/workspaces/Bluesky-copilot/database/migrations/1746127000000_create_followers_histories_table.ts", "TypeScript", 0, 12, 0, 0, 0, 0, 0, 0, 0, 0, 0, 0, 0, 0, 0, 3, 15
"/workspaces/Bluesky-copilot/database/migrations/1746886270006_create_add_cascade_delete_to_followers_histories_table.ts", "TypeScript", 0, 16, 0, 0, 0, 0, 0, 0, 0, 0, 0, 0, 0, 0, 2, 3, 21
"/workspaces/Bluesky-copilot/database/migrations/1746886321376_create_add_cascade_delete_to_post_histories_table.ts", "TypeScript", 0, 20, 0, 0, 0, 0, 0, 0, 0, 0, 0, 0, 0, 0, 6, 5, 31
"/workspaces/Bluesky-copilot/database/migrations/1747583212597_create_add_column_numbers_of_followers_to_analyzes_table.ts", "TypeScript", 0, 12, 0, 0, 0, 0, 0, 0, 0, 0, 0, 0, 0, 0, 0, 3, 15
"/workspaces/Bluesky-copilot/database/migrations/1748095609738_create_create_analysis_audiences_table.ts", "TypeScript", 0, 25, 0, 0, 0, 0, 0, 0, 0, 0, 0, 0, 0, 0, 0, 4, 29
"/workspaces/Bluesky-copilot/database/migrations/1748189706415_create_add_followers_cursor_to_analysis_audiences_table.ts", "TypeScript", 0, 14, 0, 0, 0, 0, 0, 0, 0, 0, 0, 0, 0, 0, 0, 3, 17
"/workspaces/Bluesky-copilot/database/migrations/1748515181436_create_add_account_handle_to_analysis_audiences_table.ts", "TypeScript", 0, 14, 0, 0, 0, 0, 0, 0, 0, 0, 0, 0, 0, 0, 0, 3, 17
"/workspaces/Bluesky-copilot/database/migrations/1748515927043_create_populate_account_handle_in_analysis_audiences_table.ts", "TypeScript", 0, 21, 0, 0, 0, 0, 0, 0, 0, 0, 0, 0, 0, 0, 3, 4, 28
"/workspaces/Bluesky-copilot/debug_db.mjs", "JavaScript", 0, 0, 0, 0, 0, 0, 0, 0, 0, 0, 0, 0, 0, 0, 0, 1, 1
"/workspaces/Bluesky-copilot/eslint.config.js", "JavaScript JSX", 0, 0, 0, 0, 0, 0, 0, 0, 0, 0, 0, 0, 0, 2, 0, 1, 3
"/workspaces/Bluesky-copilot/inertia/app.css", "PostCSS", 0, 0, 0, 0, 93, 0, 0, 0, 0, 0, 0, 0, 0, 0, 2, 26, 121
"/workspaces/Bluesky-copilot/inertia/app/app.ts", "TypeScript", 0, 22, 0, 0, 0, 0, 0, 0, 0, 0, 0, 0, 0, 0, 7, 8, 37
"/workspaces/Bluesky-copilot/inertia/app/ssr.ts", "TypeScript", 0, 10, 0, 0, 0, 0, 0, 0, 0, 0, 0, 0, 0, 0, 0, 2, 12
"/workspaces/Bluesky-copilot/inertia/components/ContentSuggestion.svelte", "Svelte", 0, 0, 0, 56, 0, 0, 0, 0, 0, 0, 0, 0, 0, 0, 0, 6, 62
"/workspaces/Bluesky-copilot/inertia/components/InsightBox.svelte", "Svelte", 0, 0, 0, 54, 0, 0, 0, 0, 0, 0, 0, 0, 0, 0, 0, 6, 60
"/workspaces/Bluesky-copilot/inertia/css/app.css", "PostCSS", 0, 0, 0, 0, 234, 0, 0, 0, 0, 0, 0, 0, 0, 0, 13, 70, 317
"/workspaces/Bluesky-copilot/inertia/lib/components/AccountCard.svelte", "Svelte", 0, 0, 0, 162, 0, 0, 0, 0, 0, 0, 0, 0, 0, 0, 0, 11, 173
"/workspaces/Bluesky-copilot/inertia/lib/components/AddAccount.svelte", "Svelte", 0, 0, 0, 120, 0, 0, 0, 0, 0, 0, 0, 0, 0, 0, 0, 8, 128
"/workspaces/Bluesky-copilot/inertia/lib/components/Cluster.svelte", "Svelte", 0, 0, 0, 70, 0, 0, 0, 0, 0, 0, 0, 0, 0, 0, 0, 8, 78
"/workspaces/Bluesky-copilot/inertia/lib/components/EngagementAnalysis.svelte", "Svelte", 0, 0, 0, 91, 0, 0, 0, 0, 0, 0, 0, 0, 0, 0, 0, 5, 96
"/workspaces/Bluesky-copilot/inertia/lib/components/FollowersChart.svelte", "Svelte", 0, 0, 0, 86, 0, 0, 0, 0, 0, 0, 0, 0, 0, 0, 0, 8, 94
"/workspaces/Bluesky-copilot/inertia/lib/components/Layout.svelte", "Svelte", 0, 0, 0, 29, 0, 0, 0, 0, 0, 0, 0, 0, 0, 0, 0, 6, 35
"/workspaces/Bluesky-copilot/inertia/lib/components/LoadingSpinner.svelte", "Svelte", 0, 0, 0, 21, 0, 0, 0, 0, 0, 0, 0, 0, 0, 0, 0, 5, 26
"/workspaces/Bluesky-copilot/inertia/lib/components/PostsTable.svelte", "Svelte", 0, 0, 0, 73, 0, 0, 0, 0, 0, 0, 0, 0, 0, 0, 0, 5, 78
"/workspaces/Bluesky-copilot/inertia/lib/components/PublicationCalendar.svelte", "Svelte", 0, 0, 0, 262, 0, 0, 0, 0, 0, 0, 0, 0, 0, 0, 0, 43, 305
"/workspaces/Bluesky-copilot/inertia/lib/components/Sidebar.svelte", "Svelte", 0, 0, 0, 233, 0, 0, 0, 0, 0, 0, 0, 0, 0, 0, 0, 16, 249
"/workspaces/Bluesky-copilot/inertia/lib/components/ThemeToggle.svelte", "Svelte", 0, 0, 0, 0, 0, 0, 0, 0, 0, 0, 0, 0, 0, 0, 0, 1, 1
"/workspaces/Bluesky-copilot/inertia/lib/components/chart.svelte", "Svelte", 0, 0, 0, 112, 0, 0, 0, 0, 0, 0, 0, 0, 0, 0, 0, 9, 121
"/workspaces/Bluesky-copilot/inertia/lib/components/layoutLandingPage.svelte", "Svelte", 0, 0, 0, 91, 0, 0, 0, 0, 0, 0, 0, 0, 0, 0, 0, 8, 99
"/workspaces/Bluesky-copilot/inertia/lib/components/theme-toggle/theme-toggle.svelte", "Svelte", 0, 0, 0, 44, 0, 0, 0, 0, 0, 0, 0, 0, 0, 0, 0, 5, 49
"/workspaces/Bluesky-copilot/inertia/lib/components/user-auth-form.svelte", "Svelte", 0, 0, 0, 71, 0, 0, 0, 0, 0, 0, 0, 0, 0, 0, 0, 5, 76
"/workspaces/Bluesky-copilot/inertia/lib/shadcn-ui/accordion/accordion-content.svelte", "Svelte", 0, 0, 0, 22, 0, 0, 0, 0, 0, 0, 0, 0, 0, 0, 0, 4, 26
"/workspaces/Bluesky-copilot/inertia/lib/shadcn-ui/accordion/accordion-item.svelte", "Svelte", 0, 0, 0, 11, 0, 0, 0, 0, 0, 0, 0, 0, 0, 0, 0, 4, 15
"/workspaces/Bluesky-copilot/inertia/lib/shadcn-ui/accordion/accordion-trigger.svelte", "Svelte", 0, 0, 0, 23, 0, 0, 0, 0, 0, 0, 0, 0, 0, 0, 0, 4, 27
"/workspaces/Bluesky-copilot/inertia/lib/shadcn-ui/accordion/index.ts", "TypeScript", 0, 15, 0, 0, 0, 0, 0, 0, 0, 0, 0, 0, 0, 0, 1, 2, 18
"/workspaces/Bluesky-copilot/inertia/lib/shadcn-ui/alert/alert-description.svelte", "Svelte", 0, 0, 0, 10, 0, 0, 0, 0, 0, 0, 0, 0, 0, 0, 0, 4, 14
"/workspaces/Bluesky-copilot/inertia/lib/shadcn-ui/alert/alert-title.svelte", "Svelte", 0, 0, 0, 18, 0, 0, 0, 0, 0, 0, 0, 0, 0, 0, 0, 4, 22
"/workspaces/Bluesky-copilot/inertia/lib/shadcn-ui/alert/alert.svelte", "Svelte", 0, 0, 0, 14, 0, 0, 0, 0, 0, 0, 0, 0, 0, 0, 0, 4, 18
"/workspaces/Bluesky-copilot/inertia/lib/shadcn-ui/alert/index.ts", "TypeScript", 0, 27, 0, 0, 0, 0, 0, 0, 0, 0, 0, 0, 0, 0, 1, 6, 34
"/workspaces/Bluesky-copilot/inertia/lib/shadcn-ui/badge/badge.svelte", "Svelte", 0, 0, 0, 16, 0, 0, 0, 0, 0, 0, 0, 0, 0, 0, 0, 3, 19
"/workspaces/Bluesky-copilot/inertia/lib/shadcn-ui/badge/index.ts", "TypeScript", 0, 19, 0, 0, 0, 0, 0, 0, 0, 0, 0, 0, 0, 0, 0, 3, 22
"/workspaces/Bluesky-copilot/inertia/lib/shadcn-ui/breadcrumb/breadcrumb.svelte", "Svelte", 0, 0, 0, 0, 0, 0, 0, 0, 0, 0, 0, 0, 0, 0, 0, 1, 1
"/workspaces/Bluesky-copilot/inertia/lib/shadcn-ui/button/button.svelte", "Svelte", 0, 0, 0, 22, 0, 0, 0, 0, 0, 0, 0, 0, 0, 0, 0, 4, 26
"/workspaces/Bluesky-copilot/inertia/lib/shadcn-ui/button/index.ts", "TypeScript", 0, 43, 0, 0, 0, 0, 0, 0, 0, 0, 0, 0, 0, 0, 1, 5, 49
"/workspaces/Bluesky-copilot/inertia/lib/shadcn-ui/calendar/calendar-cell.svelte", "Svelte", 0, 0, 0, 18, 0, 0, 0, 0, 0, 0, 0, 0, 0, 0, 0, 4, 22
"/workspaces/Bluesky-copilot/inertia/lib/shadcn-ui/calendar/calendar-day.svelte", "Svelte", 0, 0, 0, 39, 0, 0, 0, 0, 0, 0, 0, 0, 0, 0, 0, 4, 43
"/workspaces/Bluesky-copilot/inertia/lib/shadcn-ui/calendar/calendar-grid-body.svelte", "Svelte", 0, 0, 0, 10, 0, 0, 0, 0, 0, 0, 0, 0, 0, 0, 0, 4, 14
"/workspaces/Bluesky-copilot/inertia/lib/shadcn-ui/calendar/calendar-grid-head.svelte", "Svelte", 0, 0, 0, 10, 0, 0, 0, 0, 0, 0, 0, 0, 0, 0, 0, 4, 14
"/workspaces/Bluesky-copilot/inertia/lib/shadcn-ui/calendar/calendar-grid-row.svelte", "Svelte", 0, 0, 0, 10, 0, 0, 0, 0, 0, 0, 0, 0, 0, 0, 0, 4, 14
"/workspaces/Bluesky-copilot/inertia/lib/shadcn-ui/calendar/calendar-grid.svelte", "Svelte", 0, 0, 0, 10, 0, 0, 0, 0, 0, 0, 0, 0, 0, 0, 0, 4, 14
"/workspaces/Bluesky-copilot/inertia/lib/shadcn-ui/calendar/calendar-head-cell.svelte", "Svelte", 0, 0, 0, 13, 0, 0, 0, 0, 0, 0, 0, 0, 0, 0, 0, 4, 17
"/workspaces/Bluesky-copilot/inertia/lib/shadcn-ui/calendar/calendar-header.svelte", "Svelte", 0, 0, 0, 13, 0, 0, 0, 0, 0, 0, 0, 0, 0, 0, 0, 4, 17
"/workspaces/Bluesky-copilot/inertia/lib/shadcn-ui/calendar/calendar-heading.svelte", "Svelte", 0, 0, 0, 16, 0, 0, 0, 0, 0, 0, 0, 0, 0, 0, 0, 4, 20
"/workspaces/Bluesky-copilot/inertia/lib/shadcn-ui/calendar/calendar-months.svelte", "Svelte", 0, 0, 0, 13, 0, 0, 0, 0, 0, 0, 0, 0, 0, 0, 0, 4, 17
"/workspaces/Bluesky-copilot/inertia/lib/shadcn-ui/calendar/calendar-next-button.svelte", "Svelte", 0, 0, 0, 24, 0, 0, 0, 0, 0, 0, 0, 0, 0, 0, 0, 4, 28
"/workspaces/Bluesky-copilot/inertia/lib/shadcn-ui/calendar/calendar-prev-button.svelte", "Svelte", 0, 0, 0, 24, 0, 0, 0, 0, 0, 0, 0, 0, 0, 0, 0, 4, 28
"/workspaces/Bluesky-copilot/inertia/lib/shadcn-ui/calendar/calendar.svelte", "Svelte", 0, 0, 0, 54, 0, 0, 0, 0, 0, 0, 0, 0, 0, 0, 0, 6, 60
"/workspaces/Bluesky-copilot/inertia/lib/shadcn-ui/calendar/index.ts", "TypeScript", 0, 28, 0, 0, 0, 0, 0, 0, 0, 0, 0, 0, 0, 0, 1, 2, 31
"/workspaces/Bluesky-copilot/inertia/lib/shadcn-ui/card/card-content.svelte", "Svelte", 0, 0, 0, 10, 0, 0, 0, 0, 0, 0, 0, 0, 0, 0, 0, 4, 14
"/workspaces/Bluesky-copilot/inertia/lib/shadcn-ui/card/card-description.svelte", "Svelte", 0, 0, 0, 10, 0, 0, 0, 0, 0, 0, 0, 0, 0, 0, 0, 4, 14
"/workspaces/Bluesky-copilot/inertia/lib/shadcn-ui/card/card-footer.svelte", "Svelte", 0, 0, 0, 10, 0, 0, 0, 0, 0, 0, 0, 0, 0, 0, 0, 4, 14
"/workspaces/Bluesky-copilot/inertia/lib/shadcn-ui/card/card-header.svelte", "Svelte", 0, 0, 0, 10, 0, 0, 0, 0, 0, 0, 0, 0, 0, 0, 0, 4, 14
"/workspaces/Bluesky-copilot/inertia/lib/shadcn-ui/card/card-title.svelte", "Svelte", 0, 0, 0, 18, 0, 0, 0, 0, 0, 0, 0, 0, 0, 0, 0, 4, 22
"/workspaces/Bluesky-copilot/inertia/lib/shadcn-ui/card/card.svelte", "Svelte", 0, 0, 0, 26, 0, 0, 0, 0, 0, 0, 0, 0, 0, 0, 0, 5, 31
"/workspaces/Bluesky-copilot/inertia/lib/shadcn-ui/card/index.ts", "TypeScript", 0, 21, 0, 0, 0, 0, 0, 0, 0, 0, 0, 0, 0, 0, 1, 3, 25
"/workspaces/Bluesky-copilot/inertia/lib/shadcn-ui/checkbox/checkbox.svelte", "Svelte", 0, 0, 0, 32, 0, 0, 0, 0, 0, 0, 0, 0, 0, 0, 0, 4, 36
"/workspaces/Bluesky-copilot/inertia/lib/shadcn-ui/checkbox/index.ts", "TypeScript", 0, 5, 0, 0, 0, 0, 0, 0, 0, 0, 0, 0, 0, 0, 1, 1, 7
"/workspaces/Bluesky-copilot/inertia/lib/shadcn-ui/collapsible/collapsible-content.svelte", "Svelte", 0, 0, 0, 0, 0, 0, 0, 0, 0, 0, 0, 0, 0, 0, 0, 1, 1
"/workspaces/Bluesky-copilot/inertia/lib/shadcn-ui/dialog/dialog-content.svelte", "Svelte", 0, 0, 0, 33, 0, 0, 0, 0, 0, 0, 0, 0, 0, 0, 0, 4, 37
"/workspaces/Bluesky-copilot/inertia/lib/shadcn-ui/dialog/dialog-description.svelte", "Svelte", 0, 0, 0, 13, 0, 0, 0, 0, 0, 0, 0, 0, 0, 0, 0, 4, 17
"/workspaces/Bluesky-copilot/inertia/lib/shadcn-ui/dialog/dialog-footer.svelte", "Svelte", 0, 0, 0, 13, 0, 0, 0, 0, 0, 0, 0, 0, 0, 0, 0, 4, 17
"/workspaces/Bluesky-copilot/inertia/lib/shadcn-ui/dialog/dialog-header.svelte", "Svelte", 0, 0, 0, 10, 0, 0, 0, 0, 0, 0, 0, 0, 0, 0, 0, 4, 14
"/workspaces/Bluesky-copilot/inertia/lib/shadcn-ui/dialog/dialog-overlay.svelte", "Svelte", 0, 0, 0, 18, 0, 0, 0, 0, 0, 0, 0, 0, 0, 0, 0, 4, 22
"/workspaces/Bluesky-copilot/inertia/lib/shadcn-ui/dialog/dialog-portal.svelte", "Svelte", 0, 0, 0, 7, 0, 0, 0, 0, 0, 0, 0, 0, 0, 0, 0, 2, 9
"/workspaces/Bluesky-copilot/inertia/lib/shadcn-ui/dialog/dialog-title.svelte", "Svelte", 0, 0, 0, 13, 0, 0, 0, 0, 0, 0, 0, 0, 0, 0, 0, 4, 17
"/workspaces/Bluesky-copilot/inertia/lib/shadcn-ui/dialog/index.ts", "TypeScript", 0, 33, 0, 0, 0, 0, 0, 0, 0, 0, 0, 0, 0, 0, 1, 4, 38
"/workspaces/Bluesky-copilot/inertia/lib/shadcn-ui/dropdown-menu/dropdown-menu-checkbox-item.svelte", "Svelte", 0, 0, 0, 32, 0, 0, 0, 0, 0, 0, 0, 0, 0, 0, 0, 4, 36
"/workspaces/Bluesky-copilot/inertia/lib/shadcn-ui/dropdown-menu/dropdown-menu-content.svelte", "Svelte", 0, 0, 0, 24, 0, 0, 0, 0, 0, 0, 0, 0, 0, 0, 0, 4, 28
"/workspaces/Bluesky-copilot/inertia/lib/shadcn-ui/dropdown-menu/dropdown-menu-item.svelte", "Svelte", 0, 0, 0, 28, 0, 0, 0, 0, 0, 0, 0, 0, 0, 0, 0, 4, 32
"/workspaces/Bluesky-copilot/inertia/lib/shadcn-ui/dropdown-menu/dropdown-menu-label.svelte", "Svelte", 0, 0, 0, 16, 0, 0, 0, 0, 0, 0, 0, 0, 0, 0, 0, 4, 20
"/workspaces/Bluesky-copilot/inertia/lib/shadcn-ui/dropdown-menu/dropdown-menu-radio-group.svelte", "Svelte", 0, 0, 0, 8, 0, 0, 0, 0, 0, 0, 0, 0, 0, 0, 0, 4, 12
"/workspaces/Bluesky-copilot/inertia/lib/shadcn-ui/dropdown-menu/dropdown-menu-radio-item.svelte", "Svelte", 0, 0, 0, 32, 0, 0, 0, 0, 0, 0, 0, 0, 0, 0, 0, 4, 36
"/workspaces/Bluesky-copilot/inertia/lib/shadcn-ui/dropdown-menu/dropdown-menu-separator.svelte", "Svelte", 0, 0, 0, 11, 0, 0, 0, 0, 0, 0, 0, 0, 0, 0, 0, 4, 15
"/workspaces/Bluesky-copilot/inertia/lib/shadcn-ui/dropdown-menu/dropdown-menu-shortcut.svelte", "Svelte", 0, 0, 0, 10, 0, 0, 0, 0, 0, 0, 0, 0, 0, 0, 0, 4, 14
"/workspaces/Bluesky-copilot/inertia/lib/shadcn-ui/dropdown-menu/dropdown-menu-sub-content.svelte", "Svelte", 0, 0, 0, 27, 0, 0, 0, 0, 0, 0, 0, 0, 0, 0, 0, 4, 31
"/workspaces/Bluesky-copilot/inertia/lib/shadcn-ui/dropdown-menu/dropdown-menu-sub-trigger.svelte", "Svelte", 0, 0, 0, 29, 0, 0, 0, 0, 0, 0, 0, 0, 0, 0, 0, 4, 33
"/workspaces/Bluesky-copilot/inertia/lib/shadcn-ui/dropdown-menu/index.ts", "TypeScript", 0, 45, 0, 0, 0, 0, 0, 0, 0, 0, 0, 0, 0, 0, 1, 3, 49
"/workspaces/Bluesky-copilot/inertia/lib/shadcn-ui/input/index.ts", "TypeScript", 0, 26, 0, 0, 0, 0, 0, 0, 0, 0, 0, 0, 0, 0, 1, 3, 30
"/workspaces/Bluesky-copilot/inertia/lib/shadcn-ui/input/input.svelte", "Svelte", 0, 0, 0, 38, 0, 0, 0, 0, 0, 0, 0, 0, 0, 0, 0, 5, 43
"/workspaces/Bluesky-copilot/inertia/lib/shadcn-ui/label/index.ts", "TypeScript", 0, 5, 0, 0, 0, 0, 0, 0, 0, 0, 0, 0, 0, 0, 1, 2, 8
"/workspaces/Bluesky-copilot/inertia/lib/shadcn-ui/label/label.svelte", "Svelte", 0, 0, 0, 18, 0, 0, 0, 0, 0, 0, 0, 0, 0, 0, 0, 4, 22
"/workspaces/Bluesky-copilot/inertia/lib/shadcn-ui/popover/index.ts", "TypeScript", 0, 15, 0, 0, 0, 0, 0, 0, 0, 0, 0, 0, 0, 0, 1, 2, 18
"/workspaces/Bluesky-copilot/inertia/lib/shadcn-ui/popover/popover-content.svelte", "Svelte", 0, 0, 0, 20, 0, 0, 0, 0, 0, 0, 0, 0, 0, 0, 0, 3, 23
"/workspaces/Bluesky-copilot/inertia/lib/shadcn-ui/radio-group/index.ts", "TypeScript", 0, 12, 0, 0, 0, 0, 0, 0, 0, 0, 0, 0, 0, 0, 1, 3, 16
"/workspaces/Bluesky-copilot/inertia/lib/shadcn-ui/radio-group/radio-group-item.svelte", "Svelte", 0, 0, 0, 25, 0, 0, 0, 0, 0, 0, 0, 0, 0, 0, 0, 4, 29
"/workspaces/Bluesky-copilot/inertia/lib/shadcn-ui/radio-group/radio-group.svelte", "Svelte", 0, 0, 0, 11, 0, 0, 0, 0, 0, 0, 0, 0, 0, 0, 0, 4, 15
"/workspaces/Bluesky-copilot/inertia/lib/shadcn-ui/select/index.ts", "TypeScript", 0, 30, 0, 0, 0, 0, 0, 0, 0, 0, 0, 0, 0, 0, 1, 4, 35
"/workspaces/Bluesky-copilot/inertia/lib/shadcn-ui/select/select-content.svelte", "Svelte", 0, 0, 0, 35, 0, 0, 0, 0, 0, 0, 0, 0, 0, 0, 0, 5, 40
"/workspaces/Bluesky-copilot/inertia/lib/shadcn-ui/select/select-item.svelte", "Svelte", 0, 0, 0, 37, 0, 0, 0, 0, 0, 0, 0, 0, 0, 0, 0, 4, 41
"/workspaces/Bluesky-copilot/inertia/lib/shadcn-ui/select/select-label.svelte", "Svelte", 0, 0, 0, 13, 0, 0, 0, 0, 0, 0, 0, 0, 0, 0, 0, 4, 17
"/workspaces/Bluesky-copilot/inertia/lib/shadcn-ui/select/select-separator.svelte", "Svelte", 0, 0, 0, 8, 0, 0, 0, 0, 0, 0, 0, 0, 0, 0, 0, 4, 12
"/workspaces/Bluesky-copilot/inertia/lib/shadcn-ui/select/select-trigger.svelte", "Svelte", 0, 0, 0, 24, 0, 0, 0, 0, 0, 0, 0, 0, 0, 0, 0, 4, 28
"/workspaces/Bluesky-copilot/inertia/lib/shadcn-ui/skeleton/skeleton.svelte", "Svelte", 0, 0, 0, 0, 0, 0, 0, 0, 0, 0, 0, 0, 0, 0, 0, 1, 1
"/workspaces/Bluesky-copilot/inertia/lib/shadcn-ui/switch/index.ts", "TypeScript", 0, 5, 0, 0, 0, 0, 0, 0, 0, 0, 0, 0, 0, 0, 1, 2, 8
"/workspaces/Bluesky-copilot/inertia/lib/shadcn-ui/switch/switch.svelte", "Svelte", 0, 0, 0, 25, 0, 0, 0, 0, 0, 0, 0, 0, 0, 0, 0, 4, 29
"/workspaces/Bluesky-copilot/inertia/lib/shadcn-ui/table/index.ts", "TypeScript", 0, 26, 0, 0, 0, 0, 0, 0, 0, 0, 0, 0, 0, 0, 1, 2, 29
"/workspaces/Bluesky-copilot/inertia/lib/shadcn-ui/table/table-body.svelte", "Svelte", 0, 0, 0, 10, 0, 0, 0, 0, 0, 0, 0, 0, 0, 0, 0, 4, 14
"/workspaces/Bluesky-copilot/inertia/lib/shadcn-ui/table/table-caption.svelte", "Svelte", 0, 0, 0, 10, 0, 0, 0, 0, 0, 0, 0, 0, 0, 0, 0, 4, 14
"/workspaces/Bluesky-copilot/inertia/lib/shadcn-ui/table/table-cell.svelte", "Svelte", 0, 0, 0, 15, 0, 0, 0, 0, 0, 0, 0, 0, 0, 0, 0, 4, 19
"/workspaces/Bluesky-copilot/inertia/lib/shadcn-ui/table/table-footer.svelte", "Svelte", 0, 0, 0, 10, 0, 0, 0, 0, 0, 0, 0, 0, 0, 0, 0, 4, 14
"/workspaces/Bluesky-copilot/inertia/lib/shadcn-ui/table/table-head.svelte", "Svelte", 0, 0, 0, 16, 0, 0, 0, 0, 0, 0, 0, 0, 0, 0, 0, 4, 20
"/workspaces/Bluesky-copilot/inertia/lib/shadcn-ui/table/table-header.svelte", "Svelte", 0, 0, 0, 11, 0, 0, 0, 0, 0, 0, 0, 0, 0, 0, 0, 4, 15
"/workspaces/Bluesky-copilot/inertia/lib/shadcn-ui/table/table-row.svelte", "Svelte", 0, 0, 0, 20, 0, 0, 0, 0, 0, 0, 0, 0, 0, 0, 0, 4, 24
"/workspaces/Bluesky-copilot/inertia/lib/shadcn-ui/table/table.svelte", "Svelte", 0, 0, 0, 12, 0, 0, 0, 0, 0, 0, 0, 0, 0, 0, 0, 4, 16
"/workspaces/Bluesky-copilot/inertia/lib/shadcn-ui/tabs/index.ts", "TypeScript", 0, 15, 0, 0, 0, 0, 0, 0, 0, 0, 0, 0, 0, 0, 1, 3, 19
"/workspaces/Bluesky-copilot/inertia/lib/shadcn-ui/tabs/tabs-content.svelte", "Svelte", 0, 0, 0, 17, 0, 0, 0, 0, 0, 0, 0, 0, 0, 0, 0, 3, 20
"/workspaces/Bluesky-copilot/inertia/lib/shadcn-ui/tabs/tabs-list.svelte", "Svelte", 0, 0, 0, 15, 0, 0, 0, 0, 0, 0, 0, 0, 0, 0, 0, 3, 18
"/workspaces/Bluesky-copilot/inertia/lib/shadcn-ui/tabs/tabs-trigger.svelte", "Svelte", 0, 0, 0, 19, 0, 0, 0, 0, 0, 0, 0, 0, 0, 0, 0, 3, 22
"/workspaces/Bluesky-copilot/inertia/lib/shadcn-ui/tabs/tabs.svelte", "Svelte", 0, 0, 0, 9, 0, 0, 0, 0, 0, 0, 0, 0, 0, 0, 0, 3, 12
"/workspaces/Bluesky-copilot/inertia/lib/shadcn-ui/textarea/index.ts", "TypeScript", 0, 24, 0, 0, 0, 0, 0, 0, 0, 0, 0, 0, 0, 0, 1, 4, 29
"/workspaces/Bluesky-copilot/inertia/lib/shadcn-ui/textarea/textarea.svelte", "Svelte", 0, 0, 0, 34, 0, 0, 0, 0, 0, 0, 0, 0, 0, 0, 0, 5, 39
"/workspaces/Bluesky-copilot/inertia/lib/shadcn-ui/toast/toast.svelte", "Svelte", 0, 0, 0, 0, 0, 0, 0, 0, 0, 0, 0, 0, 0, 0, 0, 1, 1
"/workspaces/Bluesky-copilot/inertia/lib/shadcn-ui/toggle/index.ts", "TypeScript", 0, 27, 0, 0, 0, 0, 0, 0, 0, 0, 0, 0, 0, 0, 1, 4, 32
"/workspaces/Bluesky-copilot/inertia/lib/shadcn-ui/toggle/toggle.svelte", "Svelte", 0, 0, 0, 24, 0, 0, 0, 0, 0, 0, 0, 0, 0, 0, 0, 4, 28
"/workspaces/Bluesky-copilot/inertia/lib/store.ts", "TypeScript", 0, 2, 0, 0, 0, 0, 0, 0, 0, 0, 0, 0, 0, 0, 0, 1, 3
"/workspaces/Bluesky-copilot/inertia/lib/type.ts", "TypeScript", 0, 27, 0, 0, 0, 0, 0, 0, 0, 0, 0, 0, 0, 0, 0, 6, 33
"/workspaces/Bluesky-copilot/inertia/lib/utils.ts", "TypeScript", 0, 53, 0, 0, 0, 0, 0, 0, 0, 0, 0, 0, 0, 0, 0, 9, 62
"/workspaces/Bluesky-copilot/inertia/pages/AccountDashboard.svelte", "Svelte", 0, 0, 0, 2, 0, 0, 0, 0, 0, 0, 0, 0, 0, 0, 0, 2, 4
"/workspaces/Bluesky-copilot/inertia/pages/AccountDashboardLoadign.svelte", "Svelte", 0, 0, 0, 14, 0, 0, 0, 0, 0, 0, 0, 0, 0, 0, 0, 4, 18
"/workspaces/Bluesky-copilot/inertia/pages/AddAccount.svelte", "Svelte", 0, 0, 0, 31, 0, 0, 0, 0, 0, 0, 0, 0, 0, 0, 0, 6, 37
"/workspaces/Bluesky-copilot/inertia/pages/AddCampaign.svelte", "Svelte", 0, 0, 0, 197, 0, 0, 0, 0, 0, 0, 0, 0, 0, 0, 0, 22, 219
"/workspaces/Bluesky-copilot/inertia/pages/AddSchedule.svelte", "Svelte", 0, 0, 0, 282, 0, 0, 0, 0, 0, 0, 0, 0, 0, 0, 0, 30, 312
"/workspaces/Bluesky-copilot/inertia/pages/AiPost.svelte", "Svelte", 0, 0, 0, 30, 0, 0, 0, 0, 0, 0, 0, 0, 0, 0, 0, 6, 36
"/workspaces/Bluesky-copilot/inertia/pages/Analytics.svelte", "Svelte", 0, 0, 0, 61, 0, 0, 0, 0, 0, 0, 0, 0, 0, 0, 0, 11, 72
"/workspaces/Bluesky-copilot/inertia/pages/AudienceAnalysis.svelte", "Svelte", 0, 0, 0, 694, 0, 0, 0, 0, 0, 0, 0, 0, 0, 0, 0, 53, 747
"/workspaces/Bluesky-copilot/inertia/pages/DM_Campaigns.svelte", "Svelte", 0, 0, 0, 256, 0, 0, 0, 0, 0, 0, 0, 0, 0, 0, 0, 13, 269
"/workspaces/Bluesky-copilot/inertia/pages/contact-us.svelte", "Svelte", 0, 0, 0, 12, 0, 0, 0, 0, 0, 0, 0, 0, 0, 0, 0, 1, 13
"/workspaces/Bluesky-copilot/inertia/pages/dashboard.svelte", "Svelte", 0, 0, 0, 155, 0, 0, 0, 0, 0, 0, 0, 0, 0, 0, 0, 11, 166
"/workspaces/Bluesky-copilot/inertia/pages/errors/not_found.svelte", "Svelte", 0, 0, 0, 6, 0, 0, 0, 0, 0, 0, 0, 0, 0, 0, 0, 1, 7
"/workspaces/Bluesky-copilot/inertia/pages/errors/server_error.svelte", "Svelte", 0, 0, 0, 9, 0, 0, 0, 0, 0, 0, 0, 0, 0, 0, 0, 2, 11
"/workspaces/Bluesky-copilot/inertia/pages/feed.svelte", "Svelte", 0, 0, 0, 178, 0, 0, 0, 0, 0, 0, 0, 0, 0, 0, 0, 12, 190
"/workspaces/Bluesky-copilot/inertia/pages/feedId.svelte", "Svelte", 0, 0, 0, 306, 0, 0, 0, 0, 0, 0, 0, 0, 0, 0, 0, 30, 336
"/workspaces/Bluesky-copilot/inertia/pages/home.svelte", "Svelte", 0, 0, 0, 573, 0, 0, 0, 0, 0, 0, 0, 0, 0, 0, 0, 30, 603
"/workspaces/Bluesky-copilot/inertia/pages/login.svelte", "Svelte", 0, 0, 0, 26, 0, 0, 0, 0, 0, 0, 0, 0, 0, 0, 0, 2, 28
"/workspaces/Bluesky-copilot/inertia/pages/philosophy.svelte", "Svelte", 0, 0, 0, 89, 0, 0, 0, 0, 0, 0, 0, 0, 0, 0, 0, 10, 99
"/workspaces/Bluesky-copilot/inertia/pages/planChange.svelte", "Svelte", 0, 0, 0, 142, 0, 0, 0, 0, 0, 0, 0, 0, 0, 0, 0, 10, 152
"/workspaces/Bluesky-copilot/inertia/pages/pricing.svelte", "Svelte", 0, 0, 0, 125, 0, 0, 0, 0, 0, 0, 0, 0, 0, 0, 0, 10, 135
"/workspaces/Bluesky-copilot/inertia/pages/privacy.svelte", "Svelte", 0, 0, 0, 98, 0, 0, 0, 0, 0, 0, 0, 0, 0, 0, 0, 11, 109
"/workspaces/Bluesky-copilot/inertia/pages/register.svelte", "Svelte", 0, 0, 0, 0, 0, 0, 0, 0, 0, 0, 0, 0, 0, 0, 0, 1, 1
"/workspaces/Bluesky-copilot/inertia/pages/schedule.svelte", "Svelte", 0, 0, 0, 422, 0, 0, 0, 0, 0, 0, 0, 0, 0, 0, 0, 40, 462
"/workspaces/Bluesky-copilot/inertia/pages/terms.svelte", "Svelte", 0, 0, 0, 87, 0, 0, 0, 0, 0, 0, 0, 0, 0, 0, 0, 10, 97
"/workspaces/Bluesky-copilot/inertia/pages/thank-you.svelte", "Svelte", 0, 0, 0, 6, 0, 0, 0, 0, 0, 0, 0, 0, 0, 0, 0, 1, 7
"/workspaces/Bluesky-copilot/inertia/stores/theme.ts", "TypeScript", 0, 29, 0, 0, 0, 0, 0, 0, 0, 0, 0, 0, 0, 0, 1, 4, 34
"/workspaces/Bluesky-copilot/inertia/tsconfig.json", "JSON with Comments", 0, 0, 15, 0, 0, 0, 0, 0, 0, 0, 0, 0, 0, 0, 0, 1, 16
"/workspaces/Bluesky-copilot/inertia/vite-env.d.ts", "TypeScript", 0, 7, 0, 0, 0, 0, 0, 0, 0, 0, 0, 0, 0, 0, 2, 3, 12
"/workspaces/Bluesky-copilot/instructions.md", "Markdown", 0, 0, 0, 0, 0, 0, 0, 0, 0, 0, 0, 0, 0, 0, 0, 1, 1
"/workspaces/Bluesky-copilot/legacy_tests/create_test_data.mjs", "JavaScript", 67, 0, 0, 0, 0, 0, 0, 0, 0, 0, 0, 0, 0, 0, 9, 16, 92
"/workspaces/Bluesky-copilot/legacy_tests/debug_db.mjs", "JavaScript", 40, 0, 0, 0, 0, 0, 0, 0, 0, 0, 0, 0, 0, 0, 1, 12, 53
"/workspaces/Bluesky-copilot/legacy_tests/test_api_debug.mjs", "JavaScript", 90, 0, 0, 0, 0, 0, 0, 0, 0, 0, 0, 0, 0, 0, 1, 18, 109
"/workspaces/Bluesky-copilot/legacy_tests/test_python_worker_simulation.mjs", "JavaScript", 201, 0, 0, 0, 0, 0, 0, 0, 0, 0, 0, 0, 0, 0, 12, 28, 241
"/workspaces/Bluesky-copilot/legacy_tests/test_simple.mjs", "JavaScript", 3, 0, 0, 0, 0, 0, 0, 0, 0, 0, 0, 0, 0, 0, 0, 1, 4
"/workspaces/Bluesky-copilot/legacy_tests/test_workflow.mjs", "JavaScript", 213, 0, 0, 0, 0, 0, 0, 0, 0, 0, 0, 0, 0, 0, 13, 32, 258
"/workspaces/Bluesky-copilot/legacy_tests/vite.config.ts.timestamp-1739528579583-a722f58fda6f.mjs", "JavaScript", 22, 0, 0, 0, 0, 0, 0, 0, 0, 0, 0, 0, 0, 0, 6, 1, 29
"/workspaces/Bluesky-copilot/legacy_tests/vite.config.ts.timestamp-1742476122499-b0a9634360e9d.mjs", "JavaScript", 22, 0, 0, 0, 0, 0, 0, 0, 0, 0, 0, 0, 0, 0, 6, 1, 29
"/workspaces/Bluesky-copilot/legacy_tests/vite.config.ts.timestamp-1742833385049-f28652cb57dfb.mjs", "JavaScript", 22, 0, 0, 0, 0, 0, 0, 0, 0, 0, 0, 0, 0, 0, 6, 1, 29
"/workspaces/Bluesky-copilot/legacy_tests/vite.config.ts.timestamp-1744284482919-cb58b37fc7582.mjs", "JavaScript", 22, 0, 0, 0, 0, 0, 0, 0, 0, 0, 0, 0, 0, 0, 6, 1, 29
"/workspaces/Bluesky-copilot/legacy_tests/vite.config.ts.timestamp-1746723910118-dcc4dfa6611ee.mjs", "JavaScript", 22, 0, 0, 0, 0, 0, 0, 0, 0, 0, 0, 0, 0, 0, 6, 1, 29
"/workspaces/Bluesky-copilot/legacy_tests/vite.config.ts.timestamp-1747213133835-a8a230d913cea.mjs", "JavaScript", 22, 0, 0, 0, 0, 0, 0, 0, 0, 0, 0, 0, 0, 0, 6, 1, 29
"/workspaces/Bluesky-copilot/legacy_tests/vite.config.ts.timestamp-1747213135348-7fb0c6a6d8d93.mjs", "JavaScript", 22, 0, 0, 0, 0, 0, 0, 0, 0, 0, 0, 0, 0, 0, 6, 1, 29
"/workspaces/Bluesky-copilot/legacy_tests/vite.config.ts.timestamp-1747319663931-01e64ae971b1c.mjs", "JavaScript", 22, 0, 0, 0, 0, 0, 0, 0, 0, 0, 0, 0, 0, 0, 6, 1, 29
"/workspaces/Bluesky-copilot/package-lock.json", "JSON", 0, 0, 0, 0, 0, 0, 0, 0, 0, 0, 14968, 0, 0, 0, 0, 1, 14969
"/workspaces/Bluesky-copilot/package.json", "JSON", 0, 0, 0, 0, 0, 0, 0, 0, 0, 0, 150, 0, 0, 0, 0, 1, 151
"/workspaces/Bluesky-copilot/postcss.config.js", "JavaScript JSX", 0, 0, 0, 0, 0, 0, 0, 0, 0, 0, 0, 0, 0, 6, 0, 1, 7
"/workspaces/Bluesky-copilot/python-service/.model_cache/hub/models--sentence-transformers--all-MiniLM-L6-v2/snapshots/c9745ed1d9f207416be6d2e6f8de32d1f16199bf/1_Pooling/config.json", "JSON", 0, 0, 0, 0, 0, 0, 0, 0, 0, 0, 7, 0, 0, 0, 0, 0, 7
"/workspaces/Bluesky-copilot/python-service/.model_cache/hub/models--sentence-transformers--all-MiniLM-L6-v2/snapshots/c9745ed1d9f207416be6d2e6f8de32d1f16199bf/README.md", "Markdown", 0, 0, 0, 0, 0, 0, 0, 137, 0, 0, 0, 0, 0, 0, 0, 36, 173
"/workspaces/Bluesky-copilot/python-service/.model_cache/hub/models--sentence-transformers--all-MiniLM-L6-v2/snapshots/c9745ed1d9f207416be6d2e6f8de32d1f16199bf/config_sentence_transformers.json", "JSON", 0, 0, 0, 0, 0, 0, 0, 0, 0, 0, 7, 0, 0, 0, 0, 0, 7
"/workspaces/Bluesky-copilot/python-service/.model_cache/hub/models--sentence-transformers--all-MiniLM-L6-v2/snapshots/c9745ed1d9f207416be6d2e6f8de32d1f16199bf/modules.json", "JSON", 0, 0, 0, 0, 0, 0, 0, 0, 0, 0, 20, 0, 0, 0, 0, 0, 20
"/workspaces/Bluesky-copilot/python-service/.model_cache/hub/models--sentence-transformers--all-MiniLM-L6-v2/snapshots/c9745ed1d9f207416be6d2e6f8de32d1f16199bf/sentence_bert_config.json", "JSON", 0, 0, 0, 0, 0, 0, 0, 0, 0, 0, 4, 0, 0, 0, 0, 0, 4
"/workspaces/Bluesky-copilot/python-service/.model_cache/hub/models--sentence-transformers--all-mpnet-base-v2/snapshots/12e86a3c702fc3c50205a8db88f0ec7c0b6b94a0/1_Pooling/config.json", "JSON", 0, 0, 0, 0, 0, 0, 0, 0, 0, 0, 7, 0, 0, 0, 0, 0, 7
"/workspaces/Bluesky-copilot/python-service/.model_cache/hub/models--sentence-transformers--all-mpnet-base-v2/snapshots/12e86a3c702fc3c50205a8db88f0ec7c0b6b94a0/README.md", "Markdown", 0, 0, 0, 0, 0, 0, 0, 137, 0, 0, 0, 0, 0, 0, 0, 36, 173
"/workspaces/Bluesky-copilot/python-service/.model_cache/hub/models--sentence-transformers--all-mpnet-base-v2/snapshots/12e86a3c702fc3c50205a8db88f0ec7c0b6b94a0/config_sentence_transformers.json", "JSON", 0, 0, 0, 0, 0, 0, 0, 0, 0, 0, 7, 0, 0, 0, 0, 0, 7
"/workspaces/Bluesky-copilot/python-service/.model_cache/hub/models--sentence-transformers--all-mpnet-base-v2/snapshots/12e86a3c702fc3c50205a8db88f0ec7c0b6b94a0/modules.json", "JSON", 0, 0, 0, 0, 0, 0, 0, 0, 0, 0, 20, 0, 0, 0, 0, 0, 20
"/workspaces/Bluesky-copilot/python-service/.model_cache/hub/models--sentence-transformers--all-mpnet-base-v2/snapshots/12e86a3c702fc3c50205a8db88f0ec7c0b6b94a0/sentence_bert_config.json", "JSON", 0, 0, 0, 0, 0, 0, 0, 0, 0, 0, 4, 0, 0, 0, 0, 0, 4
"/workspaces/Bluesky-copilot/python-service/.model_cache/models--sentence-transformers--all-MiniLM-L6-v2/.no_exist/c9745ed1d9f207416be6d2e6f8de32d1f16199bf/adapter_config.json", "JSON", 0, 0, 0, 0, 0, 0, 0, 0, 0, 0, 0, 0, 0, 0, 0, 1, 1
"/workspaces/Bluesky-copilot/python-service/.model_cache/models--sentence-transformers--all-MiniLM-L6-v2/.no_exist/c9745ed1d9f207416be6d2e6f8de32d1f16199bf/added_tokens.json", "JSON", 0, 0, 0, 0, 0, 0, 0, 0, 0, 0, 0, 0, 0, 0, 0, 1, 1
"/workspaces/Bluesky-copilot/python-service/.model_cache/models--sentence-transformers--all-MiniLM-L6-v2/snapshots/c9745ed1d9f207416be6d2e6f8de32d1f16199bf/config.json", "JSON", 0, 0, 0, 0, 0, 0, 0, 0, 0, 0, 24, 0, 0, 0, 0, 1, 25
"/workspaces/Bluesky-copilot/python-service/.model_cache/models--sentence-transformers--all-MiniLM-L6-v2/snapshots/c9745ed1d9f207416be6d2e6f8de32d1f16199bf/special_tokens_map.json", "JSON", 0, 0, 0, 0, 0, 0, 0, 0, 0, 0, 1, 0, 0, 0, 0, 0, 1
"/workspaces/Bluesky-copilot/python-service/.model_cache/models--sentence-transformers--all-MiniLM-L6-v2/snapshots/c9745ed1d9f207416be6d2e6f8de32d1f16199bf/tokenizer.json", "JSON", 0, 0, 0, 0, 0, 0, 0, 0, 0, 0, 1, 0, 0, 0, 0, 0, 1
"/workspaces/Bluesky-copilot/python-service/.model_cache/models--sentence-transformers--all-MiniLM-L6-v2/snapshots/c9745ed1d9f207416be6d2e6f8de32d1f16199bf/tokenizer_config.json", "JSON", 0, 0, 0, 0, 0, 0, 0, 0, 0, 0, 1, 0, 0, 0, 0, 0, 1
"/workspaces/Bluesky-copilot/python-service/.model_cache/models--sentence-transformers--all-mpnet-base-v2/.no_exist/12e86a3c702fc3c50205a8db88f0ec7c0b6b94a0/adapter_config.json", "JSON", 0, 0, 0, 0, 0, 0, 0, 0, 0, 0, 0, 0, 0, 0, 0, 1, 1
"/workspaces/Bluesky-copilot/python-service/.model_cache/models--sentence-transformers--all-mpnet-base-v2/.no_exist/12e86a3c702fc3c50205a8db88f0ec7c0b6b94a0/added_tokens.json", "JSON", 0, 0, 0, 0, 0, 0, 0, 0, 0, 0, 0, 0, 0, 0, 0, 1, 1
"/workspaces/Bluesky-copilot/python-service/.model_cache/models--sentence-transformers--all-mpnet-base-v2/snapshots/12e86a3c702fc3c50205a8db88f0ec7c0b6b94a0/config.json", "JSON", 0, 0, 0, 0, 0, 0, 0, 0, 0, 0, 23, 0, 0, 0, 0, 1, 24
"/workspaces/Bluesky-copilot/python-service/.model_cache/models--sentence-transformers--all-mpnet-base-v2/snapshots/12e86a3c702fc3c50205a8db88f0ec7c0b6b94a0/special_tokens_map.json", "JSON", 0, 0, 0, 0, 0, 0, 0, 0, 0, 0, 1, 0, 0, 0, 0, 0, 1
"/workspaces/Bluesky-copilot/python-service/.model_cache/models--sentence-transformers--all-mpnet-base-v2/snapshots/12e86a3c702fc3c50205a8db88f0ec7c0b6b94a0/tokenizer.json", "JSON", 0, 0, 0, 0, 0, 0, 0, 0, 0, 0, 1, 0, 0, 0, 0, 0, 1
"/workspaces/Bluesky-copilot/python-service/.model_cache/models--sentence-transformers--all-mpnet-base-v2/snapshots/12e86a3c702fc3c50205a8db88f0ec7c0b6b94a0/tokenizer_config.json", "JSON", 0, 0, 0, 0, 0, 0, 0, 0, 0, 0, 1, 0, 0, 0, 0, 0, 1
"/workspaces/Bluesky-copilot/python-service/BULK_WORKER_TEST_FINAL_REPORT.md", "Markdown", 0, 0, 0, 0, 0, 0, 0, 108, 0, 0, 0, 0, 0, 0, 0, 51, 159
"/workspaces/Bluesky-copilot/python-service/Dockerfile", "Docker", 0, 0, 0, 0, 0, 21, 0, 0, 0, 0, 0, 0, 0, 0, 12, 14, 47
"/workspaces/Bluesky-copilot/python-service/NUMPY_ARRAY_FIX_REPORT.md", "Markdown", 0, 0, 0, 0, 0, 0, 0, 104, 0, 0, 0, 0, 0, 0, 0, 50, 154
"/workspaces/Bluesky-copilot/python-service/REFACTORING_COMPLETE_SUMMARY.md", "Markdown", 0, 0, 0, 0, 0, 0, 0, 130, 0, 0, 0, 0, 0, 0, 0, 31, 161
"/workspaces/Bluesky-copilot/python-service/UMAP_REMOVAL_REPORT.md", "Markdown", 0, 0, 0, 0, 0, 0, 0, 106, 0, 0, 0, 0, 0, 0, 0, 49, 155
"/workspaces/Bluesky-copilot/python-service/ai_service/__init__.py", "Python", 0, 0, 0, 0, 0, 0, 0, 0, 0, 0, 0, 0, 0, 0, 0, 1, 1
"/workspaces/Bluesky-copilot/python-service/ai_service/api/endpoints.py", "Python", 0, 0, 0, 0, 0, 0, 0, 0, 18, 0, 0, 0, 0, 0, 1, 3, 22
"/workspaces/Bluesky-copilot/python-service/ai_service/clients/__init__.py", "Python", 0, 0, 0, 0, 0, 0, 0, 0, 2, 0, 0, 0, 0, 0, 1, 2, 5
"/workspaces/Bluesky-copilot/python-service/ai_service/clients/adonis_api_client.py", "Python", 0, 0, 0, 0, 0, 0, 0, 0, 172, 0, 0, 0, 0, 0, 25, 43, 240
"/workspaces/Bluesky-copilot/python-service/ai_service/models/__init__.py", "Python", 0, 0, 0, 0, 0, 0, 0, 0, 0, 0, 0, 0, 0, 0, 0, 1, 1
"/workspaces/Bluesky-copilot/python-service/ai_service/models/embedder.py", "Python", 0, 0, 0, 0, 0, 0, 0, 0, 4, 0, 0, 0, 0, 0, 0, 2, 6
"/workspaces/Bluesky-copilot/python-service/ai_service/models/interfaces/clustering_model.py", "Python", 0, 0, 0, 0, 0, 0, 0, 0, 16, 0, 0, 0, 0, 0, 32, 5, 53
"/workspaces/Bluesky-copilot/python-service/ai_service/models/interfaces/embedding_model.py", "Python", 0, 0, 0, 0, 0, 0, 0, 0, 9, 0, 0, 0, 0, 0, 23, 3, 35
"/workspaces/Bluesky-copilot/python-service/ai_service/models/interfaces/tag_generator.py", "Python", 0, 0, 0, 0, 0, 0, 0, 0, 9, 0, 0, 0, 0, 0, 23, 3, 35
"/workspaces/Bluesky-copilot/python-service/ai_service/models/transformer_embedder.py", "Python", 0, 0, 0, 0, 0, 0, 0, 0, 27, 0, 0, 0, 0, 0, 45, 10, 82
"/workspaces/Bluesky-copilot/python-service/ai_service/services/__init__.py", "Python", 0, 0, 0, 0, 0, 0, 0, 0, 0, 0, 0, 0, 0, 0, 0, 1, 1
"/workspaces/Bluesky-copilot/python-service/ai_service/services/clustering/hdbscan_clusterer.py", "Python", 0, 0, 0, 0, 0, 0, 0, 0, 54, 0, 0, 0, 0, 0, 53, 13, 120
"/workspaces/Bluesky-copilot/python-service/ai_service/services/tag_service.py", "Python", 0, 0, 0, 0, 0, 0, 0, 0, 1477, 0, 0, 0, 0, 0, 413, 389, 2279
"/workspaces/Bluesky-copilot/python-service/ai_service/services/tagger.py", "Python", 0, 0, 0, 0, 0, 0, 0, 0, 47, 0, 0, 0, 0, 0, 26, 11, 84
"/workspaces/Bluesky-copilot/python-service/ai_service/services/taggers/keybert_tagger.py", "Python", 0, 0, 0, 0, 0, 0, 0, 0, 94, 0, 0, 0, 0, 0, 65, 27, 186
"/workspaces/Bluesky-copilot/python-service/ai_service/utils/text_cleaner.py", "Python", 0, 0, 0, 0, 0, 0, 0, 0, 44, 0, 0, 0, 0, 0, 34, 11, 89
"/workspaces/Bluesky-copilot/python-service/analysis_worker.py", "Python", 0, 0, 0, 0, 0, 0, 0, 0, 142, 0, 0, 0, 0, 0, 24, 36, 202
"/workspaces/Bluesky-copilot/python-service/bluesky/__init__.py", "Python", 0, 0, 0, 0, 0, 0, 0, 0, 0, 0, 0, 0, 0, 0, 0, 1, 1
"/workspaces/Bluesky-copilot/python-service/bluesky/api.py", "Python", 0, 0, 0, 0, 0, 0, 0, 0, 78, 0, 0, 0, 0, 0, 13, 13, 104
"/workspaces/Bluesky-copilot/python-service/check_api_connectivity.sh", "Shell Script", 0, 0, 0, 0, 0, 0, 27, 0, 0, 0, 0, 0, 0, 0, 5, 7, 39
"/workspaces/Bluesky-copilot/python-service/poetry.lock", "toml", 0, 0, 0, 0, 0, 0, 0, 0, 0, 2928, 0, 0, 0, 0, 0, 180, 3108
"/workspaces/Bluesky-copilot/python-service/setup_db_migration.sh", "Shell Script", 0, 0, 0, 0, 0, 0, 31, 0, 0, 0, 0, 0, 0, 0, 6, 7, 44
"/workspaces/Bluesky-copilot/python-service/start_bulk_worker.sh", "Shell Script", 0, 0, 0, 0, 0, 0, 1, 0, 0, 0, 0, 0, 0, 0, 2, 4, 7
"/workspaces/Bluesky-copilot/python-service/start_worker.sh", "Shell Script", 0, 0, 0, 0, 0, 0, 1, 0, 0, 0, 0, 0, 0, 0, 2, 4, 7
"/workspaces/Bluesky-copilot/python-service/start_worker_unified.sh", "Shell Script", 0, 0, 0, 0, 0, 0, 96, 0, 0, 0, 0, 0, 0, 0, 20, 26, 142
"/workspaces/Bluesky-copilot/python-service/test_tag_improvements.py", "Python", 0, 0, 0, 0, 0, 0, 0, 0, 162, 0, 0, 0, 0, 0, 28, 44, 234
"/workspaces/Bluesky-copilot/python-service/test_worker_api.py", "Python", 0, 0, 0, 0, 0, 0, 0, 0, 45, 0, 0, 0, 0, 0, 17, 16, 78
"/workspaces/Bluesky-copilot/python-service/tests/complete_workflow_test.py", "Python", 0, 0, 0, 0, 0, 0, 0, 0, 97, 0, 0, 0, 0, 0, 16, 25, 138
"/workspaces/Bluesky-copilot/python-service/tests/final_workflow_test.py", "Python", 0, 0, 0, 0, 0, 0, 0, 0, 140, 0, 0, 0, 0, 0, 13, 29, 182
"/workspaces/Bluesky-copilot/python-service/tests/simple_worker_test.py", "Python", 0, 0, 0, 0, 0, 0, 0, 0, 90, 0, 0, 0, 0, 0, 20, 26, 136
"/workspaces/Bluesky-copilot/python-service/tests/test_with_numeric_id.py", "Python", 0, 0, 0, 0, 0, 0, 0, 0, 0, 0, 0, 0, 0, 0, 0, 1, 1
"/workspaces/Bluesky-copilot/python-service/tests/test_worker_api.py", "Python", 0, 0, 0, 0, 0, 0, 0, 0, 45, 0, 0, 0, 0, 0, 17, 16, 78
"/workspaces/Bluesky-copilot/redis.conf", "Properties", 0, 0, 0, 0, 0, 0, 0, 0, 0, 0, 0, 2, 0, 0, 0, 1, 3
"/workspaces/Bluesky-copilot/resources/tsconfig.json", "JSON with Comments", 0, 0, 10, 0, 0, 0, 0, 0, 0, 0, 0, 0, 0, 0, 0, 1, 11
"/workspaces/Bluesky-copilot/resources/views/inertia_layout.edge", "Edge Template", 0, 0, 0, 0, 0, 0, 0, 0, 0, 0, 0, 0, 45, 0, 0, 16, 61
"/workspaces/Bluesky-copilot/start/ai_scheduler.ts", "TypeScript", 0, 20, 0, 0, 0, 0, 0, 0, 0, 0, 0, 0, 0, 0, 9, 5, 34
"/workspaces/Bluesky-copilot/start/env.ts", "TypeScript", 0, 23, 0, 0, 0, 0, 0, 0, 0, 0, 0, 0, 0, 0, 35, 11, 69
"/workspaces/Bluesky-copilot/start/kernel.ts", "TypeScript", 0, 21, 0, 0, 0, 0, 0, 0, 0, 0, 0, 0, 0, 0, 26, 5, 52
"/workspaces/Bluesky-copilot/start/routes.ts", "TypeScript", 0, 118, 0, 0, 0, 0, 0, 0, 0, 0, 0, 0, 0, 0, 35, 25, 178
"/workspaces/Bluesky-copilot/start/scheduler.ts", "TypeScript", 0, 23, 0, 0, 0, 0, 0, 0, 0, 0, 0, 0, 0, 0, 2, 3, 28
"/workspaces/Bluesky-copilot/tailwind.config.js", "JavaScript JSX", 0, 0, 0, 0, 0, 0, 0, 0, 0, 0, 0, 0, 0, 66, 1, 3, 70
"/workspaces/Bluesky-copilot/tests/bootstrap.ts", "TypeScript", 0, 25, 0, 0, 0, 0, 0, 0, 0, 0, 0, 0, 0, 0, 18, 6, 49
"/workspaces/Bluesky-copilot/tests/factories/test_data_factory.ts", "TypeScript", 0, 90, 0, 0, 0, 0, 0, 0, 0, 0, 0, 0, 0, 0, 22, 11, 123
"/workspaces/Bluesky-copilot/tests/functional/internal_python_api.spec.ts", "TypeScript", 0, 54, 0, 0, 0, 0, 0, 0, 0, 0, 0, 0, 0, 0, 15, 17, 86
"/workspaces/Bluesky-copilot/tests/functional/python_worker_simulation.spec.ts", "TypeScript", 0, 126, 0, 0, 0, 0, 0, 0, 0, 0, 0, 0, 0, 0, 15, 29, 170
"/workspaces/Bluesky-copilot/tests/functional/workflow.spec.ts", "TypeScript", 0, 189, 0, 0, 0, 0, 0, 0, 0, 0, 0, 0, 0, 0, 20, 34, 243
"/workspaces/Bluesky-copilot/tests/instructions/TESTING_COMPLETION_SUMMARY.md", "Markdown", 0, 0, 0, 0, 0, 0, 0, 117, 0, 0, 0, 0, 0, 0, 0, 39, 156
"/workspaces/Bluesky-copilot/tests/instructions/TEST_REFACTORING_SUMMARY.md", "Markdown", 0, 0, 0, 0, 0, 0, 0, 195, 0, 0, 0, 0, 0, 0, 0, 76, 271
"/workspaces/Bluesky-copilot/tests/instructions/instructions.md", "Markdown", 0, 0, 0, 0, 0, 0, 0, 573, 0, 0, 0, 0, 0, 0, 0, 155, 728
"/workspaces/Bluesky-copilot/tests/instructions/japa_tests_instructions.md", "Markdown", 0, 0, 0, 0, 0, 0, 0, 573, 0, 0, 0, 0, 0, 0, 0, 155, 728
"/workspaces/Bluesky-copilot/tests/simple_test.spec.ts", "TypeScript", 0, 6, 0, 0, 0, 0, 0, 0, 0, 0, 0, 0, 0, 0, 0, 2, 8
"/workspaces/Bluesky-copilot/tests/unit/ai_scheduler_service.spec.ts", "TypeScript", 0, 166, 0, 0, 0, 0, 0, 0, 0, 0, 0, 0, 0, 0, 23, 45, 234
"/workspaces/Bluesky-copilot/tests/unit/python_controller_methods.spec.ts", "TypeScript", 0, 0, 0, 0, 0, 0, 0, 0, 0, 0, 0, 0, 0, 0, 0, 1, 1
"/workspaces/Bluesky-copilot/tsconfig.json", "JSON with Comments", 0, 0, 14, 0, 0, 0, 0, 0, 0, 0, 0, 0, 0, 0, 0, 1, 15
"/workspaces/Bluesky-copilot/vite.config.ts", "TypeScript", 0, 23, 0, 0, 0, 0, 0, 0, 0, 0, 0, 0, 0, 0, 4, 4, 31
"Total", "-", 790, 10005, 39, 6682, 327, 43, 156, 2813, 2772, 2928, 15261, 2, 45, 76, 3055, 5051, 50045